Trial,time,PositionX,PositionY,PositionZ,RotationQX,RotationQY,RotationQZ,RotationQW
27,0,0.6159117,1.276367,0.1768634,-0.09906734,-0.5183187,-0.4919479,-0.6924729
27,0.01111111,0.6151812,1.277078,0.1787429,-0.09549556,-0.5167372,-0.4912774,-0.6946293
27,0.02222222,0.6151574,1.278345,0.1811395,-0.08920498,-0.514524,-0.4859545,-0.7008251
27,0.03333334,0.6138737,1.279948,0.1835172,-0.07957334,-0.5141443,-0.4790082,-0.7070184
27,0.04444445,0.6127799,1.281794,0.1859429,-0.07247466,-0.5136163,-0.4746813,-0.711072
27,0.05555556,0.6114066,1.284235,0.1894937,-0.06832699,-0.5108538,-0.473579,-0.7142009
27,0.06666667,0.6098821,1.286518,0.1937282,-0.06963647,-0.506027,-0.4789121,-0.7139543
27,0.07777778,0.6084335,1.288938,0.197994,-0.07028672,-0.5015352,-0.4848301,-0.7130653
27,0.08888889,0.6060314,1.292182,0.2034235,-0.07004533,-0.4957798,-0.4936486,-0.7110606
27,0.1,0.6038382,1.295768,0.2084417,-0.06605682,-0.4911221,-0.4983849,-0.7113706
27,0.1111111,0.6002126,1.301694,0.2148113,-0.05505018,-0.4870993,-0.5007284,-0.7134247
27,0.1222222,0.5972559,1.306605,0.2202194,-0.04586181,-0.4837787,-0.5017061,-0.7156436
27,0.1333333,0.5935478,1.312884,0.2261107,-0.03355194,-0.480779,-0.5007368,-0.7190191
27,0.1444445,0.5896511,1.319222,0.2321057,-0.02267633,-0.4768038,-0.5004333,-0.7222953
27,0.1555556,0.5859809,1.325212,0.2378843,-0.01384114,-0.4723329,-0.5020096,-0.7243595
27,0.1666667,0.5814705,1.332822,0.2444777,-0.005689336,-0.4668787,-0.5081952,-0.7236917
27,0.1777778,0.5772896,1.339786,0.2505543,0.002595642,-0.4618286,-0.5134354,-0.7232508
27,0.1888889,0.5724716,1.347886,0.2569447,0.01166876,-0.4568776,-0.5201528,-0.7215039
27,0.2,0.5677099,1.355795,0.2631791,0.02171645,-0.4521682,-0.5248712,-0.7208208
27,0.2111111,0.5625267,1.365189,0.2692413,0.03443775,-0.4478883,-0.5282943,-0.7204966
27,0.2222222,0.5567987,1.375149,0.2751529,0.0486019,-0.4445555,-0.5296438,-0.7207537
27,0.2333333,0.5508649,1.385453,0.2806599,0.06371361,-0.4416466,-0.5291767,-0.721707
27,0.2444444,0.5451958,1.395589,0.2860231,0.07803621,-0.4379681,-0.5290573,-0.722629
27,0.2555556,0.5381751,1.407171,0.2912016,0.09391925,-0.4329944,-0.529202,-0.72363
27,0.2666667,0.5317974,1.417863,0.296366,0.1076176,-0.427909,-0.5316158,-0.7229779
27,0.2777778,0.5246818,1.429301,0.3015945,0.1196959,-0.4222413,-0.5374656,-0.7200806
27,0.2888889,0.5174394,1.441002,0.3064694,0.1318097,-0.4164693,-0.5452175,-0.7154841
27,0.3,0.5097237,1.452995,0.3110747,0.1452477,-0.4107492,-0.5531006,-0.7101183
27,0.3111111,0.5020623,1.465052,0.3153744,0.1593902,-0.4055568,-0.5592089,-0.7052686
27,0.3222222,0.4935753,1.477698,0.3191147,0.1756146,-0.4010484,-0.5648269,-0.6994929
27,0.3333333,0.4848015,1.491083,0.3219626,0.1939838,-0.3967475,-0.5678176,-0.6946546
27,0.3444445,0.476119,1.503861,0.3250794,0.2120427,-0.3919111,-0.5696234,-0.6906323
27,0.3555556,0.4671278,1.517566,0.3267276,0.2323287,-0.3875311,-0.5680758,-0.6878466
27,0.3666667,0.457804,1.531066,0.3280299,0.2505637,-0.3844784,-0.5656438,-0.6851579
27,0.3777778,0.4490032,1.544767,0.3287635,0.2683667,-0.382992,-0.5624018,-0.6819096
27,0.3888889,0.4401259,1.558517,0.3290136,0.286635,-0.3821457,-0.5574663,-0.6789967
27,0.4,0.4308226,1.572306,0.3286836,0.3069624,-0.3811039,-0.5510792,-0.6759036
27,0.4111111,0.4216361,1.586166,0.3279183,0.3282326,-0.3800852,-0.5447555,-0.6715953
27,0.4222222,0.4121406,1.599399,0.3271577,0.3484464,-0.3778819,-0.5400293,-0.6664524
27,0.4333333,0.4024034,1.612695,0.325279,0.3705229,-0.3755425,-0.5341523,-0.6605769
27,0.4444444,0.3822045,1.638493,0.3211339,0.414034,-0.370716,-0.5216305,-0.6473386
27,0.4555556,0.3822045,1.638493,0.3211339,0.414034,-0.370716,-0.5216305,-0.6473386
27,0.4666667,0.3620303,1.663044,0.3147986,0.4590412,-0.3661637,-0.5026109,-0.6344979
27,0.4777778,0.3620303,1.663044,0.3147986,0.4590412,-0.3661637,-0.5026109,-0.6344979
27,0.4888889,0.3520737,1.67436,0.3099883,0.4832362,-0.3656726,-0.486511,-0.6293436
27,0.5,0.3421388,1.685488,0.3054674,0.5060483,-0.3637646,-0.4718876,-0.6236286
27,0.5111111,0.324019,1.705968,0.2958312,0.5528247,-0.3597388,-0.4324687,-0.6147713
27,0.5222223,0.3156195,1.714756,0.2910812,0.5757967,-0.3578479,-0.4081705,-0.6113918
27,0.5333334,0.30758,1.722902,0.2862511,0.5974101,-0.3559919,-0.3831295,-0.6079333
27,0.5444446,0.2991173,1.729826,0.2829573,0.617112,-0.3541234,-0.3568664,-0.6053228
27,0.5555557,0.2916596,1.736337,0.2795155,0.6344326,-0.3525311,-0.3306699,-0.6032201
27,0.5666668,0.2840776,1.742227,0.2769868,0.6487322,-0.3498404,-0.3058585,-0.6026682
27,0.577778,0.2757704,1.74779,0.276026,0.6622341,-0.3456903,-0.281203,-0.6023862
27,0.5888891,0.2675567,1.752117,0.2758639,0.6728555,-0.3384939,-0.2549155,-0.6063873
27,0.6000003,0.2581809,1.755736,0.2778184,0.6815789,-0.3303458,-0.2293296,-0.6113344
27,0.6111114,0.2481935,1.758291,0.2799964,0.6885363,-0.3225791,-0.2081951,-0.615236
27,0.6222225,0.2481935,1.758291,0.2799964,0.6885363,-0.3225791,-0.2081951,-0.615236
27,0.6333337,0.2242119,1.762257,0.2866342,0.6990753,-0.305464,-0.1827734,-0.6201446
27,0.6444448,0.2242119,1.762257,0.2866342,0.6990753,-0.305464,-0.1827734,-0.6201446
27,0.655556,0.1902223,1.76239,0.299319,0.702455,-0.2824274,-0.1887534,-0.6254309
27,0.6666671,0.1726117,1.762083,0.3056791,0.7043537,-0.2691988,-0.1902423,-0.6286699
27,0.6777782,0.1726117,1.762083,0.3056791,0.7043537,-0.2691988,-0.1902423,-0.6286699
27,0.6888894,0.1301181,1.756419,0.3215983,0.7037013,-0.2296973,-0.2024952,-0.6411235
27,0.7000005,0.1080875,1.751681,0.3288913,0.7036996,-0.2050731,-0.2041472,-0.6489037
27,0.7111117,0.08711243,1.747203,0.3354044,0.7043115,-0.1811514,-0.2028792,-0.6557207
27,0.7222228,0.06404519,1.740023,0.3422601,0.7043667,-0.1512705,-0.2000245,-0.6640596
27,0.7333339,0.04126549,1.731505,0.3481214,0.7038437,-0.1208629,-0.198175,-0.6713591
27,0.7444451,0.01828337,1.721596,0.3537297,0.7023763,-0.09106503,-0.1994524,-0.6771953
27,0.7555562,-0.004193783,1.710277,0.3589773,0.6992611,-0.06291572,-0.2048177,-0.6820009
27,0.7666674,-0.02634871,1.69776,0.363879,0.6949148,-0.03765472,-0.2136396,-0.6855901
27,0.7777785,-0.04784703,1.686034,0.3684356,0.6906491,-0.01429957,-0.2214165,-0.6883125
27,0.7888896,-0.06820321,1.671215,0.3725133,0.6855895,0.006076653,-0.2317266,-0.6900964
27,0.8000008,-0.06820321,1.671215,0.3725133,0.6855895,0.006076653,-0.2317266,-0.6900964
27,0.8111119,-0.08797479,1.656287,0.3761327,0.6806369,0.02336498,-0.2420168,-0.6910973
27,0.8222231,-0.1063832,1.639736,0.3792171,0.6761065,0.04060209,-0.2516181,-0.6913176
27,0.8333342,-0.123857,1.623256,0.3815515,0.6723284,0.05909343,-0.2599058,-0.6906024
27,0.8444453,-0.1419829,1.606524,0.3840613,0.6683241,0.07951688,-0.2670251,-0.6897229
27,0.8555565,-0.1573026,1.588193,0.3853774,0.6648334,0.09948083,-0.2740812,-0.6877352
27,0.8666676,-0.1723087,1.569363,0.3868611,0.6603419,0.1182978,-0.2815762,-0.6860532
27,0.8777788,-0.1858563,1.549388,0.3882427,0.6539922,0.1361382,-0.2896426,-0.6854692
27,0.8888899,-0.198581,1.52955,0.3897479,0.6455095,0.1535779,-0.2967164,-0.6867976
27,0.900001,-0.2112944,1.509431,0.3912783,0.6366979,0.1719125,-0.3031635,-0.6878617
27,0.9111122,-0.2222706,1.488992,0.3922112,0.6261026,0.1912957,-0.3087931,-0.6899626
27,0.9222233,-0.2317667,1.467816,0.3930001,0.6144097,0.214275,-0.3123569,-0.6921128
27,0.9333345,-0.2405818,1.44659,0.3933828,0.6016875,0.2387485,-0.3139479,-0.694556
27,0.9444456,-0.2480571,1.425571,0.3935342,0.5881848,0.2610491,-0.3138682,-0.6981253
27,0.9555568,-0.2539575,1.404612,0.3937793,0.5726144,0.2818068,-0.3122463,-0.7037046
27,0.9666679,-0.2602355,1.383806,0.3941882,0.5573711,0.3009287,-0.3118369,-0.7081929
27,0.977779,-0.2641933,1.363306,0.3947637,0.5412666,0.316985,-0.3128586,-0.7132114
27,0.9888902,-0.2668328,1.343133,0.3953049,0.5260754,0.3301467,-0.3165845,-0.7169533
27,1.000001,-0.268746,1.323367,0.3959463,0.5129361,0.3419217,-0.3214081,-0.7188067
27,1.011112,-0.2704796,1.303694,0.3962164,0.499819,0.3539635,-0.3258731,-0.7202067
27,1.022224,-0.2699929,1.284651,0.3967965,0.4877082,0.3631116,-0.3318924,-0.7212061
27,1.033335,-0.2686383,1.266131,0.3977098,0.4745153,0.3710773,-0.3376539,-0.7232751
27,1.044446,-0.2660525,1.248973,0.3988855,0.4611245,0.3771757,-0.341851,-0.7268017
27,1.055557,-0.2629946,1.231743,0.400378,0.447206,0.383209,-0.3450745,-0.7308087
27,1.066668,-0.2601258,1.214881,0.4018388,0.433407,0.389999,-0.3484308,-0.7339312
27,1.077779,-0.2555581,1.199158,0.4038184,0.4204449,0.3952813,-0.3522272,-0.7368275
27,1.08889,-0.2494937,1.184365,0.4064128,0.4081071,0.3995513,-0.3552592,-0.7399989
27,1.100002,-0.2427039,1.170246,0.4100389,0.3968753,0.4009896,-0.3583275,-0.7438405
27,1.111113,-0.2357827,1.156091,0.4138086,0.385538,0.4013682,-0.3617354,-0.7479382
27,1.122224,-0.2267232,1.143941,0.4189065,0.3750065,0.3961679,-0.3648986,-0.7544999
27,1.133335,-0.2163929,1.131817,0.4258687,0.361938,0.3867047,-0.3688676,-0.7638044
27,1.144446,-0.20423,1.1206,0.4334741,0.3472895,0.3737818,-0.3721291,-0.775369
27,1.155557,-0.1928754,1.108485,0.4408636,0.3321523,0.3623132,-0.3754846,-0.7857578
27,1.166668,-0.1775589,1.098943,0.4506555,0.3149505,0.342679,-0.3764469,-0.80104
27,1.17778,-0.1636519,1.087807,0.4585567,0.2991609,0.3278501,-0.3774976,-0.8127193
27,1.188891,-0.1470425,1.077383,0.467145,0.2817339,0.3090778,-0.3775907,-0.826149
27,1.200002,-0.1294372,1.066871,0.4753339,0.2630812,0.2892563,-0.3765593,-0.8398346
27,1.211113,-0.1125379,1.056353,0.4830115,0.2446435,0.2703937,-0.3757527,-0.8519664
27,1.222224,-0.09278297,1.0461,0.4904773,0.2247816,0.2463104,-0.3746487,-0.8651259
27,1.233335,-0.07190967,1.035704,0.4973917,0.2040482,0.2204135,-0.3728868,-0.8779167
27,1.244446,-0.04976499,1.02522,0.503206,0.181979,0.1919661,-0.3686875,-0.8911242
27,1.255558,-0.02647471,1.01468,0.5079515,0.1593185,0.1610509,-0.3630685,-0.9038039
27,1.266669,-0.00365901,1.003814,0.5118558,0.1364548,0.1308943,-0.3572482,-0.9146697
27,1.27778,0.02108407,0.9930357,0.5136318,0.1117885,0.09677044,-0.3492969,-0.9252733
27,1.288891,0.0460763,0.9821426,0.5139196,0.08621657,0.0615676,-0.3398358,-0.9344987
27,1.300002,0.07154036,0.9708867,0.5126104,0.05961351,0.02637086,-0.327855,-0.9424765
27,1.311113,0.09615397,0.9590203,0.5099049,0.032742,-0.008138982,-0.3150189,-0.9484856
27,1.322224,0.1207266,0.9473271,0.5051465,0.004422123,-0.04393003,-0.2997621,-0.9529918
27,1.333336,0.1444628,0.9352163,0.4983175,-0.02405235,-0.07908325,-0.2836803,-0.9553496
27,1.344447,0.1668599,0.9230136,0.4900734,-0.05207632,-0.11364,-0.2708646,-0.9544666
27,1.355558,0.1870728,0.9115489,0.4804881,-0.07929447,-0.1469469,-0.2608705,-0.9508237
27,1.366669,0.2061298,0.8998034,0.4694262,-0.1057534,-0.179735,-0.2501966,-0.9454699
27,1.37778,0.2237041,0.8889075,0.4587152,-0.1308571,-0.2100936,-0.2384613,-0.9390811
27,1.388891,0.2374444,0.8789498,0.4472628,-0.1522883,-0.2345197,-0.2289697,-0.9324064
27,1.400002,0.2478666,0.8701848,0.436255,-0.169286,-0.2522168,-0.2222173,-0.926471
27,1.411114,0.2590015,0.8608503,0.4253807,-0.1846417,-0.26842,-0.2143717,-0.9208165
27,1.422225,0.2648497,0.853605,0.4162023,-0.1929017,-0.2760134,-0.2069131,-0.9185818
27,1.433336,0.2680106,0.8469023,0.4078925,-0.1992105,-0.2816842,-0.1959799,-0.9179113
27,1.444447,0.269664,0.8402562,0.3996344,-0.2067571,-0.2865242,-0.1824663,-0.9175301
27,1.455558,0.2694941,0.8337083,0.3925202,-0.2154936,-0.2905072,-0.1681857,-0.916996
27,1.466669,0.2701581,0.8269574,0.384742,-0.2251995,-0.2951443,-0.1554559,-0.9154281
27,1.47778,0.2665162,0.8208281,0.37907,-0.2341988,-0.2938591,-0.1446102,-0.9153609
27,1.488891,0.2612844,0.8151354,0.37413,-0.2415142,-0.2893684,-0.1344846,-0.9164338
27,1.500003,0.2548206,0.8099477,0.3702738,-0.2478737,-0.2823325,-0.125476,-0.9182063
27,1.511114,0.2485833,0.804448,0.3661876,-0.2539842,-0.274939,-0.1163678,-0.9199778
27,1.522225,0.239382,0.7998868,0.363914,-0.2583367,-0.2612824,-0.1079622,-0.9237629
27,1.533336,0.2287138,0.7956205,0.3627245,-0.2613288,-0.2458182,-0.09790735,-0.9282752
27,1.544447,0.2175109,0.7915998,0.3616116,-0.26315,-0.2300247,-0.08593585,-0.9329822
27,1.555558,0.2059236,0.78829,0.3608091,-0.2652381,-0.2157692,-0.07332136,-0.9368652
27,1.566669,0.1951902,0.7845141,0.3594913,-0.268091,-0.2032581,-0.06063939,-0.9397534
27,1.577781,0.1834559,0.7814198,0.3589108,-0.271142,-0.1911431,-0.04708303,-0.942194
27,1.588892,0.1718085,0.7786339,0.3582811,-0.2746797,-0.1791932,-0.03519123,-0.9440352
27,1.600003,0.1595433,0.7759593,0.3576901,-0.2783676,-0.1672483,-0.02445534,-0.9454848
27,1.611114,0.1478207,0.7733778,0.3567493,-0.2813066,-0.1548404,-0.01366163,-0.9469448
27,1.622225,0.1350117,0.7713884,0.356684,-0.2833955,-0.1410711,-0.003624366,-0.9485636
27,1.633336,0.1217339,0.7698568,0.3567019,-0.2851652,-0.1246512,0.005517303,-0.9503223
27,1.644447,0.1080282,0.7686788,0.3564429,-0.2865666,-0.1054129,0.01306805,-0.9521539
27,1.655559,0.09478521,0.7675073,0.3559802,-0.2877168,-0.08629631,0.02022897,-0.9536052
27,1.66667,0.08046055,0.7674881,0.3557889,-0.2886907,-0.06412923,0.02548702,-0.9549323
27,1.677781,0.06660461,0.7675297,0.3549206,-0.2907583,-0.04270133,0.02955743,-0.9553862
27,1.688892,0.05246735,0.7679477,0.3538616,-0.2930966,-0.02249531,0.0347071,-0.9551879
27,1.700003,0.03893685,0.7688532,0.3525155,-0.2956942,-0.003661876,0.03959833,-0.9544546
27,1.711114,0.02562618,0.7702923,0.3513348,-0.2981019,0.01268028,0.04514896,-0.9533814
27,1.722225,0.01285982,0.7724516,0.3496807,-0.299949,0.02919094,0.04911861,-0.9522426
27,1.733337,-0.0002179146,0.774846,0.3477049,-0.3013048,0.04928257,0.05106269,-0.9508834
27,1.744448,-0.01327229,0.7780777,0.345547,-0.3015274,0.07220247,0.05088723,-0.9493569
27,1.755559,-0.02631462,0.7816737,0.3433337,-0.2998446,0.09740423,0.04978245,-0.9476958
27,1.76667,-0.03938675,0.785463,0.3412068,-0.2971427,0.1221661,0.04946585,-0.9456928
27,1.777781,-0.05143988,0.7903947,0.3391924,-0.2895837,0.1482474,0.04677943,-0.9444447
27,1.788892,-0.06332171,0.7959748,0.3372569,-0.2785317,0.1741049,0.04272135,-0.9435479
27,1.800003,-0.07430315,0.8015325,0.3351653,-0.2667226,0.1992619,0.03728267,-0.9422122
27,1.811115,-0.08500671,0.8067484,0.3327243,-0.2562062,0.2238313,0.03182395,-0.9398112
27,1.822226,-0.09491003,0.8121464,0.3306065,-0.2451387,0.2481072,0.02505408,-0.9368683
27,1.833337,-0.1038896,0.8173947,0.3284717,-0.2352709,0.271534,0.01766702,-0.933062
27,1.844448,-0.1134349,0.8225985,0.3259768,-0.2267425,0.2948391,0.01111691,-0.9281887
27,1.855559,-0.1207556,0.82768,0.3241222,-0.2188188,0.3169508,0.002961271,-0.9228498
27,1.86667,-0.1289278,0.832763,0.3218913,-0.2101612,0.3383372,-0.003329449,-0.9172509
27,1.877781,-0.1358628,0.8381531,0.3204434,-0.2003945,0.357623,-0.01066441,-0.9120494
27,1.888893,-0.14189,0.8437471,0.3199184,-0.1885552,0.3738884,-0.01939693,-0.9078977
27,1.900004,-0.1474389,0.8495331,0.3202345,-0.1754602,0.3875319,-0.02926319,-0.9045311
27,1.911115,-0.1530025,0.8553824,0.3204792,-0.1628237,0.4007079,-0.03870739,-0.9007904
27,1.922226,-0.1573148,0.8612562,0.3227656,-0.1503651,0.4079908,-0.04833388,-0.8992206
27,1.933337,-0.1616058,0.8671638,0.3254642,-0.1393645,0.4151569,-0.05715736,-0.897193
27,1.944448,-0.1655033,0.8731349,0.3282828,-0.1284868,0.4226069,-0.06556141,-0.8947604
27,1.955559,-0.1696336,0.8792281,0.3310347,-0.1162919,0.430634,-0.07461949,-0.8918871
27,1.966671,-0.1725945,0.8856413,0.3349307,-0.1025301,0.4363587,-0.08507056,-0.8898549
27,1.977782,-0.1758269,0.8925787,0.3396292,-0.08710666,0.4407499,-0.09742475,-0.8880656
27,1.988893,-0.1788528,0.8993574,0.3438616,-0.07152318,0.4449344,-0.1092311,-0.8859946
27,2.000004,-0.1809555,0.9077742,0.3509257,-0.05386338,0.4420376,-0.1232226,-0.8868583
27,2.011115,-0.1836717,0.9153339,0.3565755,-0.03910232,0.4418899,-0.1350407,-0.8859844
27,2.022226,-0.185277,0.9236306,0.3636422,-0.02566909,0.4385183,-0.1458106,-0.8864436
27,2.033337,-0.1870174,0.9321716,0.370908,-0.0125449,0.4351948,-0.1555625,-0.8867065
27,2.044448,-0.1883841,0.9411594,0.3779969,0.0009227562,0.4320606,-0.1640347,-0.8868007
27,2.055559,-0.1903062,0.9501362,0.3846848,0.01542493,0.4299813,-0.1728146,-0.8860098
27,2.06667,-0.1919913,0.9599997,0.3916111,0.03122101,0.4277576,-0.1817588,-0.8848799
27,2.077781,-0.1934563,0.9702589,0.3983943,0.04747861,0.4258032,-0.1914508,-0.8830538
27,2.088892,-0.1952252,0.9806017,0.4049084,0.063496,0.4236901,-0.2006179,-0.8810264
27,2.100003,-0.1966286,0.9921293,0.411617,0.08032122,0.4210551,-0.2084564,-0.8790945
27,2.111114,-0.1978533,1.003852,0.4179482,0.09653383,0.4183499,-0.2150556,-0.8771634
27,2.122225,-0.1991358,1.015923,0.4239929,0.1123319,0.41556,-0.2203517,-0.8752922
27,2.133336,-0.2007608,1.027927,0.4298925,0.1282129,0.4124976,-0.2261173,-0.8730854
27,2.144447,-0.2019173,1.040928,0.4353576,0.1441993,0.4090631,-0.2295789,-0.8713022
27,2.155558,-0.2028737,1.054167,0.4405959,0.159026,0.4052244,-0.2311471,-0.8701006
27,2.166669,-0.2036779,1.067792,0.4454751,0.1722583,0.401144,-0.230222,-0.8697174
27,2.17778,-0.2042035,1.081833,0.4502151,0.18452,0.3966227,-0.2272347,-0.8700616
27,2.188891,-0.2048336,1.09536,0.4546912,0.1967452,0.3922265,-0.2248747,-0.8699892
27,2.200002,-0.205256,1.109249,0.4589443,0.2091789,0.3873599,-0.2213828,-0.8701645
27,2.211113,-0.2048373,1.123334,0.4627845,0.2210661,0.382215,-0.2161211,-0.8708233
27,2.222224,-0.204776,1.137581,0.465452,0.234068,0.3780516,-0.2118396,-0.8702949
27,2.233335,-0.2045164,1.151833,0.4674737,0.2481432,0.3746255,-0.2084058,-0.8687046
27,2.244446,-0.2040548,1.166001,0.4693091,0.2628839,0.3711211,-0.20547,-0.8665699
27,2.255557,-0.2033838,1.180138,0.4703255,0.2777933,0.3669976,-0.2027077,-0.8643224
27,2.266668,-0.2024698,1.19418,0.4716156,0.2921394,0.362992,-0.1986985,-0.8622125
27,2.277779,-0.2010891,1.208172,0.4721582,0.3059036,0.3591164,-0.1925945,-0.8604451
27,2.28889,-0.1995715,1.221764,0.4732089,0.319259,0.3550517,-0.1868651,-0.8585415
27,2.300001,-0.1976454,1.235349,0.4733143,0.331769,0.3505993,-0.1804707,-0.8569946
27,2.311112,-0.1956172,1.248788,0.4738314,0.3444546,0.3458107,-0.1752014,-0.8550267
27,2.322223,-0.193413,1.261401,0.4737496,0.356536,0.3404137,-0.1705552,-0.8531773
27,2.333334,-0.1903517,1.273897,0.4735234,0.3694501,0.3346152,-0.1664637,-0.8507815
27,2.344445,-0.1870753,1.286115,0.4732461,0.3830221,0.3286503,-0.1633915,-0.8476946
27,2.355556,-0.183489,1.29817,0.4728696,0.3969324,0.3214514,-0.1602244,-0.8446549
27,2.366668,-0.1791785,1.309911,0.4726002,0.410015,0.3131208,-0.156595,-0.842212
27,2.377779,-0.1751888,1.321559,0.4722819,0.4223314,0.3047776,-0.1526367,-0.83991
27,2.38889,-0.1705161,1.332248,0.4723766,0.4332492,0.2950189,-0.148191,-0.8386289
27,2.400001,-0.1651406,1.342576,0.4727209,0.4430376,0.2846245,-0.1425634,-0.8380825
27,2.411112,-0.1593947,1.352043,0.4729991,0.4518037,0.2740323,-0.136123,-0.8380038
27,2.422223,-0.1539252,1.36158,0.4735653,0.4604082,0.263773,-0.1296107,-0.837645
27,2.433334,-0.1475308,1.369859,0.4745874,0.4669377,0.2522844,-0.1218834,-0.838729
27,2.444445,-0.1410303,1.37739,0.4762561,0.4720266,0.2400496,-0.1141594,-0.8405562
27,2.455556,-0.134102,1.384258,0.4779031,0.4758226,0.2265399,-0.108016,-0.842974
27,2.466667,-0.1273528,1.390043,0.4803445,0.4784194,0.2122481,-0.1028892,-0.8458602
27,2.477778,-0.1205204,1.39507,0.4826825,0.4798194,0.1979931,-0.09806851,-0.8490905
27,2.488889,-0.114096,1.39993,0.4849942,0.48175,0.184268,-0.0947943,-0.8514555
27,2.5,-0.1071684,1.403348,0.4882131,0.4815601,0.1689593,-0.09383769,-0.8548375
27,2.511111,-0.1009812,1.406073,0.4915771,0.4806584,0.1545536,-0.09338009,-0.8581147
27,2.522222,-0.09496772,1.409407,0.4947186,0.4794665,0.1411146,-0.09187508,-0.8612535
27,2.533333,-0.08986974,1.410971,0.4991548,0.4725638,0.1292752,-0.09039793,-0.8670638
27,2.544444,-0.08518767,1.412823,0.5034444,0.4648681,0.116527,-0.08672688,-0.8733828
27,2.555555,-0.0804683,1.415063,0.507585,0.4579426,0.1039819,-0.08215395,-0.879049
27,2.566666,-0.0770067,1.417158,0.5118082,0.4496647,0.09238264,-0.07701077,-0.8850631
27,2.577777,-0.0741843,1.419696,0.5155015,0.442792,0.08126777,-0.07509562,-0.8897704
27,2.588888,-0.07386065,1.422439,0.5183785,0.4379688,0.07431802,-0.07988584,-0.8923444
27,2.599999,-0.07517076,1.42543,0.5202782,0.4379608,0.07316194,-0.08701954,-0.8917765
27,2.61111,-0.07772529,1.429024,0.5207324,0.4418698,0.0770184,-0.09421583,-0.8887873
27,2.622221,-0.08109093,1.433725,0.5199494,0.4483065,0.08389369,-0.09885535,-0.8844268
27,2.633332,-0.08381724,1.43878,0.5191553,0.453863,0.08850587,-0.1004675,-0.8809549
27,2.644443,-0.08805132,1.444915,0.5167141,0.461963,0.09737919,-0.0995777,-0.8758948
27,2.655554,-0.09265101,1.45162,0.5138752,0.4691674,0.1065554,-0.09685398,-0.8712905
27,2.666665,-0.0969317,1.458854,0.510628,0.4762271,0.1165129,-0.09194019,-0.8667061
27,2.677776,-0.1013627,1.466709,0.5070379,0.4838254,0.126093,-0.0855753,-0.8617949
27,2.688887,-0.1054889,1.474909,0.5033438,0.4922913,0.1349548,-0.08000755,-0.8561748
27,2.699998,-0.1093012,1.483017,0.4998248,0.5002968,0.1422835,-0.07631686,-0.850667
27,2.711109,-0.1128056,1.492303,0.4958501,0.5098231,0.1476216,-0.07460872,-0.8442285
27,2.72222,-0.1161112,1.501363,0.4921203,0.5192823,0.1518507,-0.07388872,-0.8377516
27,2.733331,-0.1184309,1.511537,0.4879897,0.5310961,0.1523879,-0.07437424,-0.8301707
27,2.744442,-0.1200938,1.522064,0.4838462,0.5436852,0.1491057,-0.07480507,-0.8225437
27,2.755553,-0.1214948,1.532196,0.4797978,0.5555695,0.1458108,-0.07412242,-0.8152224
27,2.766664,-0.1212581,1.544274,0.4758348,0.5680361,0.1363148,-0.07076789,-0.8085451
27,2.777775,-0.1216165,1.554813,0.4716618,0.5785893,0.1317608,-0.06658295,-0.8021473
27,2.788886,-0.121304,1.566214,0.4677162,0.5889991,0.1266084,-0.06013973,-0.7958854
27,2.799997,-0.1202276,1.577662,0.4629917,0.5999206,0.1219718,-0.05230859,-0.7889753
27,2.811108,-0.1190881,1.588373,0.4589629,0.6105253,0.1182751,-0.04493863,-0.7818251
27,2.822219,-0.1159396,1.599382,0.4542837,0.6227153,0.1132221,-0.03436229,-0.7734505
27,2.83333,-0.1135876,1.610105,0.4497728,0.6341282,0.1072041,-0.02590298,-0.765322
27,2.844441,-0.1089907,1.620303,0.445817,0.6457613,0.09784658,-0.01618144,-0.757071
27,2.855552,-0.10358,1.629945,0.4421175,0.6562043,0.08626556,-0.00662473,-0.7496068
27,2.866663,-0.09696281,1.638747,0.4390843,0.6650455,0.07295495,0.00317129,-0.7432241
27,2.877774,-0.09096646,1.647582,0.4359126,0.6731889,0.06065556,0.01254841,-0.7368719
27,2.888885,-0.08297849,1.654782,0.4341607,0.6796385,0.04614256,0.02250693,-0.7317485
27,2.899997,-0.0742147,1.661674,0.4322367,0.6864712,0.03108691,0.03310897,-0.7257373
27,2.911108,-0.0656352,1.667572,0.4305713,0.693162,0.01640134,0.04319781,-0.7192993
27,2.922219,-0.05490792,1.671963,0.4296391,0.6985241,-0.003218282,0.05368821,-0.7135625
27,2.93333,-0.04346073,1.67502,0.429404,0.7012118,-0.02562336,0.06368014,-0.709641
27,2.944441,-0.03122997,1.67616,0.4303331,0.7007088,-0.05032207,0.07537714,-0.7076675
27,2.955552,-0.01980853,1.67758,0.4309762,0.6999351,-0.07276513,0.08773517,-0.7050523
27,2.966663,-0.006821632,1.675745,0.4331138,0.6959925,-0.09602077,0.1027676,-0.7041402
27,2.977774,0.005882263,1.672798,0.4357197,0.6912535,-0.1173398,0.1184161,-0.7031199
27,2.988885,0.01841211,1.668464,0.438858,0.685902,-0.1364465,0.1342174,-0.702073
27,2.999996,0.03039575,1.662386,0.4427168,0.6796924,-0.1537298,0.1503352,-0.7012736
27,3.011107,0.04181385,1.656826,0.4462442,0.673857,-0.1709869,0.165303,-0.6995392
27,3.022218,0.05254531,1.648159,0.4512331,0.6658742,-0.1863012,0.1807988,-0.6994393
27,3.033329,0.06276894,1.638323,0.4569929,0.6567223,-0.2012477,0.1953359,-0.7000422
27,3.04444,0.0717659,1.627284,0.4634118,0.6459169,-0.2163858,0.2093041,-0.7015414
27,3.055551,0.08080149,1.616364,0.4695172,0.6347654,-0.2314005,0.2241961,-0.7023267
27,3.066662,0.0881176,1.602471,0.4772773,0.6195033,-0.2440602,0.2403976,-0.7062997
27,3.077773,0.0928731,1.586229,0.4869163,0.5987756,-0.254593,0.2570594,-0.7145423
27,3.088884,0.09833694,1.571522,0.4954612,0.5798817,-0.2657967,0.2724353,-0.7203252
27,3.099995,0.1005013,1.555121,0.505373,0.5558599,-0.2736491,0.2881981,-0.7301217
27,3.111106,0.1014488,1.537934,0.5154486,0.5295768,-0.2794671,0.3030231,-0.741366
27,3.122217,0.1003029,1.520137,0.5263071,0.5019336,-0.2829342,0.3174484,-0.7531517
27,3.133328,0.09846616,1.502879,0.5361898,0.4745014,-0.2870078,0.3315722,-0.7632397
27,3.144439,0.09384894,1.484052,0.5469372,0.4438759,-0.2876731,0.3454804,-0.7751528
27,3.15555,0.08650517,1.465916,0.5573463,0.4134471,-0.285609,0.3592467,-0.7864038
27,3.166661,0.07764816,1.44776,0.5673056,0.3835535,-0.2841257,0.3629451,-0.8002689
27,3.177772,0.06810284,1.430487,0.5764799,0.3547072,-0.2837379,0.3606408,-0.814625
27,3.188883,0.05294442,1.415621,0.5844688,0.3307365,-0.2762387,0.3412767,-0.8353657
27,3.199994,0.04000449,1.400491,0.5919118,0.3073807,-0.2677888,0.3352377,-0.8493657
27,3.211105,0.02458167,1.386281,0.5980539,0.288112,-0.2511191,0.3351886,-0.86115
27,3.222216,0.009824514,1.372006,0.6039784,0.2668616,-0.2345871,0.3390335,-0.871097
27,3.233327,-0.008433819,1.358445,0.6081343,0.2456305,-0.2107701,0.3488897,-0.8794985
27,3.244438,-0.02689183,1.34583,0.6110744,0.221193,-0.1875462,0.3587795,-0.8872302
27,3.255549,-0.04528511,1.333102,0.6128356,0.1952231,-0.1678665,0.3661461,-0.8942292
27,3.26666,-0.06410098,1.320723,0.6132545,0.1682506,-0.1504717,0.3711993,-0.9007004
27,3.277771,-0.08202076,1.308968,0.6128242,0.1422269,-0.1339437,0.3762864,-0.9056706
27,3.288882,-0.09991431,1.299364,0.6098943,0.117402,-0.1185145,0.3837706,-0.9082353
27,3.299993,-0.118125,1.290593,0.606432,0.09383524,-0.1027996,0.3897572,-0.9103388
27,3.311104,-0.1361581,1.284177,0.6014678,0.07350183,-0.08446296,0.3917014,-0.9132544
27,3.322215,-0.1543562,1.280027,0.5955052,0.05839273,-0.06287471,0.3889555,-0.9172518
27,3.333326,-0.1724637,1.275821,0.5893447,0.04405414,-0.04083352,0.3843387,-0.921236
27,3.344437,-0.190778,1.277251,0.5807819,0.03903365,-0.01373534,0.3759843,-0.9257017
27,3.355548,-0.2078053,1.276263,0.5726912,0.02960285,0.01052845,0.3752143,-0.9264055
27,3.366659,-0.2240576,1.278068,0.5635526,0.02185182,0.03526461,0.3798347,-0.9241237
27,3.37777,-0.2399213,1.279066,0.5539839,0.01347582,0.05910199,0.3813072,-0.9224588
27,3.388881,-0.2543954,1.283466,0.5438888,0.01009742,0.08403099,0.3808084,-0.9207724
27,3.399992,-0.2679878,1.288687,0.5335546,0.01148741,0.1090991,0.378252,-0.9191795
27,3.411103,-0.2802999,1.296278,0.5226212,0.01729024,0.1318213,0.3738449,-0.917913
27,3.422215,-0.2924371,1.302735,0.5117569,0.02266464,0.1537834,0.3696611,-0.916072
27,3.433326,-0.3031615,1.312015,0.5006323,0.0343245,0.1757044,0.3637895,-0.9141155
27,3.444437,-0.3133987,1.322226,0.4886315,0.0471362,0.1993153,0.3596775,-0.9103206
27,3.455548,-0.3234506,1.331366,0.4772859,0.05874176,0.2225101,0.3563915,-0.9055516
27,3.466659,-0.3306813,1.344308,0.4657247,0.07496534,0.2475385,0.3562961,-0.897863
27,3.47777,-0.3389542,1.354409,0.4542611,0.08702345,0.2698496,0.3564375,-0.8902587
27,3.488881,-0.3449315,1.366078,0.4429588,0.09994078,0.2884767,0.3591878,-0.8819168
27,3.499992,-0.3501251,1.377192,0.4319243,0.1136962,0.3039761,0.3605829,-0.8744437
27,3.511103,-0.3545766,1.388443,0.4207904,0.1281401,0.3170212,0.3597509,-0.8681342
27,3.522214,-0.3584405,1.399356,0.4094656,0.1449629,0.32862,0.3568559,-0.8623506
27,3.533325,-0.3624841,1.41015,0.3978577,0.1614944,0.341365,0.3535879,-0.8557833
27,3.544436,-0.3653831,1.420745,0.3857558,0.181038,0.3519666,0.3494475,-0.8492534
27,3.555547,-0.3680241,1.431001,0.3729331,0.2016175,0.3632777,0.3444484,-0.841864
27,3.566658,-0.3693808,1.441129,0.3594027,0.2214393,0.3769511,0.3399775,-0.8326391
27,3.577769,-0.3712626,1.450233,0.3446937,0.242744,0.3912641,0.334666,-0.822184
27,3.58888,-0.3730904,1.459205,0.3301437,0.2626769,0.4058649,0.3293283,-0.8110595
27,3.599991,-0.3745142,1.466557,0.314121,0.2842293,0.4224114,0.3230525,-0.797759
27,3.611102,-0.3753973,1.473404,0.2975633,0.3045149,0.4398403,0.3172425,-0.7830508
27,3.622213,-0.3763041,1.4792,0.2809868,0.3238234,0.4565213,0.3116364,-0.7678604
27,3.633324,-0.3760362,1.483461,0.2637153,0.3414211,0.4746666,0.306762,-0.7510129
27,3.644435,-0.3754752,1.48599,0.246249,0.3579442,0.4928822,0.3023898,-0.7331463
27,3.655546,-0.3740145,1.487489,0.2287934,0.3730984,0.511135,0.297702,-0.7147813
27,3.666657,-0.3729376,1.488442,0.2116866,0.3879232,0.5283655,0.2923271,-0.6963408
27,3.677768,-0.3709252,1.48642,0.1943579,0.4006156,0.5475909,0.2857767,-0.6767445
27,3.688879,-0.3689246,1.485238,0.1772261,0.4141992,0.5656671,0.2780652,-0.6566122
27,3.69999,-0.366856,1.482676,0.1609306,0.4266635,0.5829859,0.2700149,-0.6365357
27,3.711101,-0.3617346,1.473389,0.1308711,0.4479264,0.6120527,0.2520368,-0.6010249
27,3.722212,-0.3617346,1.473389,0.1308711,0.4479264,0.6120527,0.2520368,-0.6010249
27,3.733323,-0.3567773,1.465021,0.1083555,0.4638318,0.6301929,0.2346969,-0.5767446
27,3.744434,-0.3548663,1.461328,0.09665465,0.4754794,0.6366339,0.2233719,-0.5645545
27,3.755545,-0.3526809,1.457964,0.08789873,0.4915298,0.6380005,0.2087554,-0.5547747
27,3.766656,-0.3526809,1.457964,0.08789873,0.4915298,0.6380005,0.2087554,-0.5547747
27,3.777767,-0.3509338,1.455628,0.07990861,0.5090031,0.6395358,0.1941369,-0.5424212
27,3.788878,-0.3461596,1.453084,0.06550264,0.5439652,0.6420683,0.1732729,-0.5116901
27,3.799989,-0.3436928,1.453826,0.06067729,0.563234,0.6391982,0.1660247,-0.4966176
27,3.8111,-0.3414712,1.454885,0.0562098,0.5810387,0.6359742,0.158072,-0.4826427
27,3.822211,-0.3386923,1.458829,0.05432582,0.5993299,0.6274876,0.1513947,-0.4734371
27,3.833322,-0.3386923,1.458829,0.05432582,0.5993299,0.6274876,0.1513947,-0.4734371
27,3.844433,-0.3358977,1.467417,0.05251908,0.6327099,0.6082795,0.1358566,-0.4595838
27,3.855544,-0.3343379,1.474054,0.05390215,0.6487969,0.5940803,0.1289459,-0.4577164
27,3.866655,-0.3329036,1.479866,0.05498409,0.6636049,0.5809078,0.12205,-0.4552785
27,3.877766,-0.3304253,1.488644,0.05822206,0.6736994,0.5673499,0.1199606,-0.4580968
27,3.888877,-0.3304253,1.488644,0.05822206,0.6736994,0.5673499,0.1199606,-0.4580968
27,3.899988,-0.3244905,1.509418,0.0692687,0.6757436,0.5509464,0.1333617,-0.4712148
27,3.911099,-0.3244905,1.509418,0.0692687,0.6757436,0.5509464,0.1333617,-0.4712148
27,3.92221,-0.3214927,1.519081,0.07456064,0.6766064,0.5433076,0.1400311,-0.4768773
27,3.933321,-0.3135878,1.541813,0.08948946,0.6723108,0.526729,0.1610145,-0.4945998
27,3.944432,-0.3095357,1.55229,0.09617424,0.6735219,0.516398,0.1684025,-0.5013402
27,3.955544,-0.3052791,1.562982,0.1047375,0.6753014,0.5033821,0.1755707,-0.5096561
27,3.966655,-0.3004854,1.573344,0.1128736,0.6797694,0.4878637,0.1804209,-0.5170599
27,3.977766,-0.2959316,1.583817,0.121377,0.6852673,0.471699,0.1842647,-0.5234075
27,3.988877,-0.2914879,1.593385,0.1296115,0.6908023,0.4545127,0.1872829,-0.5302222
27,3.999988,-0.2871608,1.603273,0.1384811,0.6953315,0.4369435,0.189836,-0.5381049
27,4.011099,-0.2828845,1.612716,0.1470599,0.6982234,0.4190734,0.1931185,-0.547327
27,4.02221,-0.278156,1.62226,0.155699,0.6995966,0.4026861,0.1978725,-0.556107
27,4.033321,-0.2738552,1.631722,0.1647246,0.6981592,0.3862086,0.20469,-0.5670262
27,4.044433,-0.2690912,1.640977,0.1732867,0.6959016,0.3710546,0.2124813,-0.5769672
27,4.055544,-0.2648631,1.650217,0.1823263,0.6888192,0.3574342,0.2247277,-0.5892932
27,4.066655,-0.2600871,1.659037,0.1912923,0.6786686,0.3453667,0.2406076,-0.6018628
27,4.077766,-0.2600871,1.659037,0.1912923,0.6786686,0.3453667,0.2406076,-0.6018628
27,4.088878,-0.250367,1.674321,0.2093251,0.6513901,0.3244649,0.2795414,-0.6263148
27,4.099989,-0.2455659,1.680781,0.2180498,0.6378087,0.3144438,0.2974791,-0.637049
27,4.1111,-0.2416711,1.685695,0.2260139,0.6205537,0.3083791,0.3176115,-0.6472545
27,4.122211,-0.2389549,1.689852,0.2322471,0.6039487,0.3036461,0.3353911,-0.6561691
27,4.133323,-0.2362146,1.693635,0.2385237,0.5891809,0.2980842,0.3510467,-0.663911
27,4.144434,-0.2343193,1.695114,0.2422972,0.5760295,0.2964017,0.3649418,-0.6686954
27,4.155545,-0.2329868,1.696071,0.2441888,0.5667566,0.296678,0.3754013,-0.6707034
27,4.166656,-0.2327321,1.695469,0.2439129,0.562577,0.2988892,0.381431,-0.669838
27,4.177768,-0.2337707,1.693783,0.2414641,0.5624073,0.3032075,0.3836334,-0.6667748
27,4.188879,-0.2342327,1.692995,0.2398527,0.5609061,0.3066286,0.3865134,-0.6648088
27,4.19999,-0.2378743,1.688115,0.2319012,0.5670546,0.318463,0.3798105,-0.6578559
27,4.211102,-0.2402554,1.685278,0.2274036,0.5671999,0.3260972,0.3784825,-0.6547487
27,4.222213,-0.2444558,1.679704,0.2197778,0.5688234,0.3388548,0.3722324,-0.6504309
27,4.233324,-0.2485412,1.674664,0.2131486,0.5687485,0.3500835,0.3673837,-0.647299
27,4.244435,-0.2543651,1.666855,0.204185,0.5686501,0.3649293,0.3590475,-0.6438546
27,4.255547,-0.2607481,1.657742,0.1946223,0.5682706,0.3809982,0.3497496,-0.6399876
27,4.266658,-0.2675457,1.647569,0.1845763,0.5673278,0.3974528,0.3400604,-0.6360263
27,4.277769,-0.2745717,1.636164,0.1739924,0.5658604,0.41429,0.3290581,-0.6323659
27,4.28888,-0.2820048,1.623855,0.1631734,0.563844,0.4319333,0.3170722,-0.6284733
27,4.299992,-0.2896016,1.610094,0.151391,0.5614586,0.451063,0.3046299,-0.6233034
27,4.311103,-0.2971922,1.595493,0.1397696,0.5589332,0.4715495,0.2911729,-0.6168088
27,4.322214,-0.3044628,1.581036,0.1283908,0.5568568,0.4913909,0.2778824,-0.609284
27,4.333325,-0.311864,1.563944,0.115684,0.554891,0.5135916,0.2618353,-0.5998015
27,4.344437,-0.3188684,1.547575,0.1041179,0.5524828,0.5340784,0.2458958,-0.5908116
27,4.355548,-0.3259137,1.528938,0.09219122,0.5497206,0.5538257,0.2290578,-0.581908
27,4.366659,-0.3324326,1.509977,0.08195925,0.5456851,0.5702425,0.2130571,-0.5758976
27,4.37777,-0.3388742,1.491974,0.07166696,0.540893,0.5855228,0.1986368,-0.5702116
27,4.388882,-0.3444221,1.473557,0.06310654,0.5347119,0.5998513,0.1849045,-0.565749
27,4.399993,-0.3500458,1.4549,0.05390811,0.5283523,0.6149176,0.1718276,-0.5596386
27,4.411104,-0.3546687,1.436315,0.04669929,0.5203676,0.6295214,0.1604161,-0.5542446
27,4.422215,-0.3546687,1.436315,0.04669929,0.5203676,0.6295214,0.1604161,-0.5542446
27,4.433327,-0.3626419,1.399252,0.03318763,0.5034562,0.6541546,0.1384865,-0.5472067
27,4.444438,-0.3657722,1.381489,0.02805901,0.4934359,0.6660644,0.1275759,-0.5446132
27,4.455549,-0.3686106,1.363612,0.02311957,0.4834274,0.6776775,0.1167637,-0.5416803
27,4.46666,-0.3702919,1.346154,0.01944041,0.4748283,0.6887019,0.1051236,-0.5377517
27,4.477772,-0.3702919,1.346154,0.01944041,0.4748283,0.6887019,0.1051236,-0.5377517
27,4.488883,-0.3722676,1.327902,0.01456344,0.4667774,0.699918,0.09273467,-0.532573
27,4.499994,-0.3728285,1.311026,0.01208448,0.4604917,0.7095069,0.07977669,-0.5274306
27,4.511106,-0.3740567,1.278064,0.008132696,0.4503644,0.7237579,0.05237918,-0.5201951
27,4.522217,-0.3738009,1.26304,0.007935405,0.4462078,0.7289256,0.03875853,-0.5177489
27,4.533328,-0.3730286,1.247621,0.007681012,0.4414906,0.7348383,0.025821,-0.5142295
27,4.544439,-0.3705533,1.233953,0.01011825,0.4402723,0.7396058,0.01301915,-0.5088949
27,4.555551,-0.3690288,1.219352,0.01119065,0.4371964,0.7455681,0.001018981,-0.5029776
27,4.566662,-0.3659174,1.20656,0.01422203,0.4350422,0.7511038,-0.008820027,-0.4964913
27,4.577773,-0.3631964,1.194158,0.01771533,0.4318313,0.7559645,-0.0183127,-0.4916343
27,4.588884,-0.36064,1.18166,0.02153599,0.427946,0.760152,-0.02874159,-0.4880625
27,4.599996,-0.358176,1.170498,0.02700746,0.4243173,0.7625194,-0.04031306,-0.4867175
27,4.611107,-0.3557026,1.159645,0.03396392,0.4209129,0.7631167,-0.05394487,-0.4874169
27,4.622218,-0.3532658,1.149317,0.04192388,0.4176071,0.7620845,-0.06794634,-0.4901172
27,4.633329,-0.3502654,1.13987,0.05032635,0.4130167,0.761307,-0.08045599,-0.493311
27,4.644441,-0.3477201,1.130637,0.05985045,0.4090492,0.7600821,-0.09323143,-0.4962479
27,4.655552,-0.3451236,1.121057,0.06866598,0.4053412,0.7587203,-0.1059301,-0.4988194
27,4.666663,-0.3424802,1.113011,0.07980943,0.4015757,0.7547144,-0.1177002,-0.5052623
27,4.677774,-0.3398407,1.105739,0.09182358,0.3951415,0.7508599,-0.1276705,-0.5135884
27,4.688886,-0.3370451,1.098894,0.1044831,0.3864965,0.7465036,-0.1363614,-0.524174
27,4.699997,-0.3343074,1.091815,0.1169407,0.3785099,0.7419527,-0.145947,-0.533794
27,4.711108,-0.3310841,1.085972,0.1310699,0.3701322,0.7344809,-0.1547627,-0.5473469
27,4.722219,-0.3280126,1.08116,0.1452208,0.3621188,0.7256201,-0.1632713,-0.5618612
27,4.733331,-0.3241947,1.076789,0.1598837,0.3546526,0.715525,-0.1724652,-0.5766292
27,4.744442,-0.3196243,1.072872,0.1748848,0.3487067,0.7033545,-0.1825652,-0.5919173
27,4.755553,-0.3145968,1.069335,0.1899436,0.3452561,0.6902694,-0.1950016,-0.6052278
27,4.766665,-0.3090477,1.065483,0.2043121,0.3421601,0.678241,-0.2070283,-0.616486
27,4.777776,-0.3026397,1.062787,0.218775,0.3402349,0.6662551,-0.2188475,-0.6264584
27,4.788887,-0.2955441,1.060631,0.2331114,0.3370871,0.6556715,-0.2288801,-0.6356738
27,4.799998,-0.2887598,1.058407,0.2472179,0.332794,0.6455373,-0.2385354,-0.6446943
27,4.81111,-0.2810501,1.057599,0.261502,0.3276073,0.6355101,-0.2468108,-0.6541291
27,4.822221,-0.2725959,1.057558,0.275702,0.3207921,0.6244929,-0.2535455,-0.6654441
27,4.833332,-0.2641256,1.057264,0.2903779,0.3138673,0.6118479,-0.2611057,-0.6774609
27,4.844443,-0.2544007,1.059933,0.3048153,0.3082771,0.5954266,-0.2685091,-0.691618
27,4.855555,-0.2451119,1.061363,0.3191183,0.303827,0.5799103,-0.2771758,-0.7032545
27,4.866666,-0.2343993,1.064564,0.3330669,0.3008049,0.5624292,-0.2854434,-0.7153404
27,4.877777,-0.2237797,1.068676,0.3460791,0.2984211,0.5453502,-0.2920167,-0.7268179
27,4.888888,-0.2125183,1.073712,0.3588362,0.2965224,0.5281616,-0.2964259,-0.7384114
27,4.9,-0.200544,1.07954,0.3707929,0.2956334,0.5111868,-0.2991071,-0.7495491
27,4.911111,-0.1883949,1.08495,0.3826823,0.2943524,0.4942165,-0.302974,-0.7598115
27,4.922222,-0.175463,1.091861,0.3934712,0.2952337,0.4765925,-0.3069729,-0.7690671
27,4.933333,-0.1623251,1.099126,0.4035633,0.2963792,0.459053,-0.3107338,-0.7777367
27,4.944445,-0.1485116,1.107355,0.4130383,0.2982281,0.4408292,-0.3129689,-0.7866258
27,4.955556,-0.1346132,1.115832,0.4219282,0.3002661,0.421685,-0.3167239,-0.7948007
27,4.966667,-0.1346132,1.115832,0.4219282,0.3002661,0.421685,-0.3167239,-0.7948007
27,4.977778,-0.1057949,1.133973,0.4386425,0.3040464,0.382384,-0.3197641,-0.8118431
27,4.98889,-0.09093475,1.143783,0.4469447,0.3061562,0.3620157,-0.3199189,-0.8202835
27,5.000001,-0.07539928,1.154694,0.4533472,0.3097283,0.3403687,-0.3184107,-0.8287534
27,5.011112,-0.05951917,1.166268,0.4586842,0.3142969,0.3184745,-0.3164393,-0.8364554
27,5.022223,-0.04387248,1.177337,0.464155,0.3185319,0.2965969,-0.3157839,-0.8431182
27,5.033335,-0.02754164,1.189637,0.4677529,0.3246452,0.2733299,-0.3144158,-0.8491402
27,5.044446,-0.01122212,1.202394,0.4703412,0.3307797,0.2495648,-0.3113819,-0.8551863
27,5.055557,0.005174637,1.215372,0.4720612,0.3365352,0.2249139,-0.3078693,-0.861031
27,5.066669,0.02161741,1.228679,0.4727559,0.3436767,0.1998513,-0.3023421,-0.8663343
27,5.07778,0.03835678,1.241511,0.473316,0.3505614,0.1747613,-0.2976594,-0.8706114
27,5.088891,0.05466557,1.255651,0.4704614,0.3611785,0.1485046,-0.2892078,-0.8739882
27,5.100002,0.07119155,1.268942,0.4689481,0.3695065,0.1233172,-0.2810326,-0.8770852
27,5.111114,0.08732224,1.281773,0.4656105,0.3788939,0.09966606,-0.2689623,-0.8798667
27,5.122225,0.1034884,1.2942,0.4622583,0.3872907,0.07663206,-0.2568738,-0.8821278
27,5.133336,0.119137,1.306205,0.4558434,0.398382,0.05522842,-0.2403176,-0.883453
27,5.144447,0.134798,1.31724,0.4510636,0.4077539,0.03287688,-0.2277358,-0.8836246
27,5.155559,0.1502662,1.327917,0.4444354,0.419046,0.01021769,-0.2139436,-0.8823402
27,5.16667,0.1651859,1.337229,0.4376085,0.4302626,-0.01275959,-0.1993796,-0.8803176
27,5.177781,0.1800909,1.345529,0.4304028,0.4406582,-0.03604083,-0.1847027,-0.877728
27,5.188892,0.1952155,1.353907,0.4233725,0.4494952,-0.05894663,-0.1704693,-0.8748827
27,5.200004,0.2095029,1.360526,0.4156158,0.4570138,-0.08077524,-0.1551493,-0.8720909
27,5.211115,0.2236207,1.365558,0.4082625,0.4635029,-0.101243,-0.1383926,-0.869346
27,5.222226,0.2371385,1.369577,0.4007547,0.46902,-0.1194888,-0.1209389,-0.8666698
27,5.233337,0.2505295,1.372443,0.3935995,0.4742583,-0.1372649,-0.1026619,-0.8635381
27,5.244449,0.2634881,1.374649,0.3864701,0.4792384,-0.155652,-0.08453862,-0.8596257
27,5.25556,0.2768216,1.376609,0.3793192,0.4837747,-0.1755473,-0.06702863,-0.8547821
27,5.266671,0.2894883,1.376182,0.3729522,0.4865658,-0.1958597,-0.04972324,-0.8499532
27,5.277782,0.3022141,1.375666,0.3665755,0.4889251,-0.2159467,-0.03349842,-0.84451
27,5.288894,0.3143225,1.373181,0.3603513,0.4892293,-0.236384,-0.02110533,-0.8392449
27,5.300005,0.3252177,1.369577,0.3552685,0.4873176,-0.2567663,-0.01349774,-0.8345121
27,5.311116,0.3353968,1.364895,0.3509865,0.4827598,-0.277513,-0.00949371,-0.8305658
27,5.322227,0.3450601,1.359431,0.3470838,0.4761663,-0.297606,-0.005153597,-0.8274478
27,5.333339,0.354044,1.352712,0.3443372,0.4679404,-0.3153403,0.001869829,-0.825584
27,5.34445,0.3626709,1.345042,0.3420546,0.4576208,-0.3323675,0.01107706,-0.8246166
27,5.355561,0.371408,1.337418,0.3394501,0.4471776,-0.350085,0.019929,-0.8228461
27,5.366673,0.3782015,1.327737,0.3387589,0.430927,-0.3675718,0.02353126,-0.8237956
27,5.377784,0.3839025,1.318024,0.3388717,0.4134668,-0.3840273,0.02122621,-0.8252985
27,5.388895,0.3893571,1.308291,0.338582,0.3968511,-0.3992822,0.01941898,-0.8262601
27,5.400006,0.3927643,1.297335,0.340167,0.3778448,-0.4113129,0.01259184,-0.8293952
27,5.411118,0.395143,1.285989,0.3422575,0.3588516,-0.4216034,0.006016498,-0.8327304
27,5.422229,0.3963552,1.274285,0.3447096,0.3399692,-0.4294489,0.001383876,-0.8366557
27,5.43334,0.3955932,1.261689,0.3484366,0.3195167,-0.433214,-0.0004082129,-0.8427542
27,5.444451,0.3959911,1.250061,0.351001,0.300876,-0.4366309,-0.0004677107,-0.8478365
27,5.455563,0.3959911,1.250061,0.351001,0.300876,-0.4366309,-0.0004677107,-0.8478365
27,5.466674,0.3950179,1.23761,0.3553462,0.2834813,-0.4339678,0.003902738,-0.855158
27,5.477785,0.3903852,1.213511,0.3645098,0.2460295,-0.4260284,0.01221486,-0.8705286
27,5.488896,0.3903852,1.213511,0.3645098,0.2460295,-0.4260284,0.01221486,-0.8705286
27,5.500008,0.3863652,1.201853,0.3699682,0.2283032,-0.419311,0.01613041,-0.8785191
27,5.511119,0.3809628,1.190808,0.3751664,0.2129264,-0.4119793,0.02053055,-0.8857279
27,5.52223,0.3754458,1.180659,0.3799188,0.199505,-0.4052453,0.02574997,-0.8918021
27,5.533341,0.3690584,1.170914,0.3851955,0.1878394,-0.3970044,0.03110658,-0.8978509
27,5.544453,0.362422,1.161238,0.3902886,0.1753425,-0.3881916,0.03603761,-0.9040264
27,5.555564,0.3534708,1.153991,0.3963423,0.1648457,-0.3751231,0.04203469,-0.9112309
27,5.566675,0.3453882,1.145321,0.4019523,0.1515632,-0.3636827,0.04723914,-0.9178954
27,5.577786,0.3360801,1.138165,0.4076765,0.137333,-0.3505477,0.05112001,-0.9250096
27,5.588898,0.3260241,1.131326,0.4136689,0.1239084,-0.3373698,0.05579377,-0.9315125
27,5.600009,0.3167057,1.125001,0.4191053,0.1125546,-0.3242244,0.06197499,-0.9372135
27,5.61112,0.3057678,1.120309,0.4254394,0.1051482,-0.3083482,0.07036617,-0.9428223
27,5.622231,0.2945228,1.116654,0.4312046,0.09920734,-0.2916505,0.0778304,-0.9481774
27,5.633343,0.2840188,1.113068,0.4362686,0.09370659,-0.2761088,0.08500806,-0.9527627
27,5.644454,0.272809,1.111588,0.4413717,0.09309136,-0.2594662,0.09226078,-0.9568173
27,5.655565,0.2613628,1.110923,0.4460313,0.09400216,-0.242471,0.09704763,-0.9607046
27,5.666677,0.2495463,1.110537,0.4509177,0.09358577,-0.2253414,0.09780234,-0.9648304
27,5.677788,0.2377443,1.110605,0.4550617,0.09261677,-0.2093377,0.09539714,-0.9687617
27,5.688899,0.2260761,1.110313,0.4592371,0.09062245,-0.1940566,0.09338474,-0.9723215
27,5.70001,0.2139306,1.111065,0.4628048,0.09051974,-0.1794826,0.0882265,-0.9756066
27,5.711122,0.2017796,1.111646,0.4662595,0.08933835,-0.1650648,0.08490292,-0.9785519
27,5.722233,0.1888816,1.114055,0.4693031,0.08931642,-0.1508959,0.07882679,-0.9813457
27,5.733344,0.1761625,1.116117,0.4719028,0.08987339,-0.1344711,0.07751068,-0.9837848
27,5.744455,0.1632221,1.118206,0.4749875,0.09013852,-0.117501,0.07812021,-0.9858833
27,5.755567,0.1503339,1.121408,0.4769442,0.09241332,-0.09945796,0.08210975,-0.9873328
27,5.766678,0.1371632,1.124206,0.4791234,0.09407885,-0.08134805,0.08583912,-0.9885157
27,5.777789,0.1237767,1.128768,0.4802377,0.09725901,-0.06052679,0.0908341,-0.9892555
27,5.7889,0.1105986,1.132499,0.4814916,0.09965967,-0.04037926,0.09245915,-0.9898934
27,5.800012,0.09732556,1.137303,0.4821558,0.1032044,-0.0180474,0.09193921,-0.9902375
27,5.811123,0.08386421,1.14273,0.4826043,0.1078165,0.005277819,0.09000827,-0.9900739
27,5.822234,0.0709374,1.148829,0.4826796,0.1141616,0.02770638,0.08736821,-0.9892251
27,5.833345,0.05840945,1.154652,0.4825664,0.1203093,0.04891445,0.08504674,-0.9878766
27,5.844457,0.04649782,1.16184,0.4819856,0.1282628,0.06940399,0.08191387,-0.9859117
27,5.855568,0.03531361,1.169505,0.4810505,0.1371261,0.08983766,0.07841803,-0.9833496
27,5.866679,0.02396584,1.176988,0.4801371,0.1459163,0.1097019,0.07524163,-0.9803126
27,5.87779,0.01400852,1.185667,0.4787495,0.1576635,0.1286317,0.07013164,-0.9765642
27,5.888902,0.004722834,1.195847,0.4773059,0.1729708,0.1471265,0.06044606,-0.9719986
27,5.900013,-0.005493402,1.205159,0.4752204,0.1863939,0.1659373,0.05337548,-0.9668884
27,5.911124,-0.01333046,1.215686,0.4735336,0.2033461,0.1807395,0.04508168,-0.9612239
27,5.922235,-0.02017307,1.226724,0.4719496,0.2202936,0.1922833,0.03840062,-0.9555226
27,5.933347,-0.02697742,1.237312,0.4702473,0.2363651,0.2033797,0.03197873,-0.9496029
27,5.944458,-0.03206122,1.248924,0.4686127,0.2533265,0.2100575,0.02618132,-0.9439365
27,5.955569,-0.03727591,1.259944,0.4670489,0.2693066,0.2170886,0.02017161,-0.938051
27,5.966681,-0.04128504,1.271947,0.4653621,0.2856004,0.2217065,0.0140568,-0.9322453
27,5.977792,-0.04452181,1.283781,0.4638224,0.3015677,0.225608,0.009769619,-0.9263166
27,5.988903,-0.04746747,1.296101,0.4623382,0.3168159,0.2293386,0.006862964,-0.9203175
27,6.000014,-0.04958701,1.308651,0.4608374,0.3317837,0.2323088,0.004360904,-0.9142939
27,6.011126,-0.05091417,1.320897,0.459166,0.3465523,0.2341316,0.00230003,-0.9083384
27,6.022237,-0.05138016,1.333617,0.4574122,0.3621988,0.2346,0.0001826935,-0.9020947
27,6.033348,-0.05128956,1.346033,0.4553747,0.3787355,0.2337754,-0.002109197,-0.8954909
27,6.044459,-0.0513407,1.358406,0.4534206,0.3949521,0.2334423,-0.004220881,-0.8885379
27,6.055571,-0.04976463,1.370748,0.4513071,0.4118594,0.2303321,-0.005593627,-0.8816392
27,6.066682,-0.04756951,1.383277,0.4491649,0.4286532,0.2254848,-0.007896313,-0.8748432
27,6.077793,-0.04567051,1.395225,0.4469104,0.4447594,0.2204104,-0.01128354,-0.8680329
27,6.088904,-0.04223084,1.407316,0.4442775,0.4604259,0.2116463,-0.01523899,-0.8619639
27,6.100016,-0.0380162,1.419259,0.4420788,0.4753451,0.2018391,-0.01897051,-0.8561239
27,6.111127,-0.03306091,1.430357,0.4396303,0.4893087,0.1915852,-0.02229056,-0.8505147
27,6.122238,-0.02756596,1.441512,0.4369919,0.5034055,0.181072,-0.02572748,-0.8444726
27,6.133349,-0.02227414,1.452327,0.4339721,0.5179904,0.1707615,-0.02900074,-0.8376667
27,6.144461,-0.01531518,1.462955,0.4305494,0.532795,0.1583022,-0.03065567,-0.8307407
27,6.155572,3.385544E-05,1.483363,0.4226217,0.5613458,0.1325631,-0.02772971,-0.8164245
27,6.166683,0.00931859,1.492605,0.4185383,0.574074,0.1185435,-0.02418335,-0.8098158
27,6.177794,0.0187552,1.501205,0.4138732,0.586093,0.1043121,-0.02109538,-0.8032241
27,6.188906,0.0281353,1.509719,0.4095166,0.5979009,0.08971129,-0.0192823,-0.7963006
27,6.200017,0.0385921,1.516968,0.4050305,0.6082938,0.07436331,-0.01810335,-0.7900134
27,6.211128,0.04936361,1.523373,0.4001462,0.6184463,0.05863883,-0.01821108,-0.7834246
27,6.222239,0.06054044,1.529214,0.3952503,0.6283018,0.04115722,-0.01998154,-0.7766232
27,6.233351,0.07197428,1.534332,0.3898802,0.6378314,0.02235443,-0.0226749,-0.7695175
27,6.244462,0.0835712,1.53857,0.3848565,0.64669,0.002824645,-0.0247744,-0.7623453
27,6.255573,0.09485841,1.54289,0.3793805,0.6553718,-0.0160158,-0.02549782,-0.754706
27,6.266685,0.106992,1.545772,0.3743265,0.6623528,-0.03643613,-0.02571082,-0.7478637
27,6.277796,0.1190519,1.548782,0.3689795,0.6690375,-0.05607143,-0.0248144,-0.740695
27,6.288907,0.1317239,1.550093,0.3641376,0.6736665,-0.07645848,-0.0221477,-0.7347361
27,6.300018,0.1449177,1.550699,0.3591354,0.6776128,-0.09634755,-0.0173634,-0.7288736
27,6.31113,0.1582637,1.550597,0.3541725,0.6810021,-0.1159229,-0.01106708,-0.722963
27,6.322241,0.171489,1.549673,0.3496463,0.683592,-0.1359058,-0.00372688,-0.7170898
27,6.333352,0.1850796,1.547703,0.3446939,0.6856363,-0.1571252,0.003897191,-0.7107738
27,6.344463,0.1980441,1.546083,0.3401585,0.6874282,-0.1782811,0.01103607,-0.7039436
27,6.355575,0.2115972,1.542796,0.3357775,0.688524,-0.2018087,0.02073622,-0.69626
27,6.366686,0.2249007,1.539478,0.3312953,0.6895373,-0.2249677,0.03112582,-0.6877202
27,6.377797,0.2388158,1.53407,0.3272345,0.6891451,-0.2496888,0.04581355,-0.6787015
27,6.388908,0.2526972,1.527669,0.3235633,0.686269,-0.2760606,0.06284824,-0.6699817
27,6.40002,0.2666652,1.519058,0.3210161,0.6786945,-0.3046891,0.08648004,-0.6626158
27,6.411131,0.2817271,1.512084,0.3162496,0.6716479,-0.3299718,0.1066837,-0.6546956
27,6.422242,0.2948468,1.502657,0.3144326,0.6594951,-0.3546041,0.1318245,-0.6495726
27,6.433353,0.307519,1.492034,0.3133116,0.6449624,-0.3779319,0.1574985,-0.6452792
27,6.444465,0.3195772,1.481034,0.311888,0.6304397,-0.4013851,0.1801907,-0.6395054
27,6.455576,0.3302019,1.468563,0.3109794,0.6117425,-0.4255211,0.2033296,-0.6351064
27,6.466687,0.3399971,1.454805,0.3102484,0.5932025,-0.449946,0.2256986,-0.6282672
27,6.477798,0.3483326,1.441247,0.3089342,0.5762305,-0.4729574,0.2447386,-0.6199782
27,6.48891,0.3563933,1.42848,0.3078158,0.5610385,-0.4926555,0.2609141,-0.6119235
27,6.500021,0.3618236,1.416304,0.3078861,0.5482409,-0.5077528,0.2687967,-0.6077561
27,6.511132,0.3658402,1.405626,0.3082826,0.5365442,-0.5207947,0.2681094,-0.6074624
27,6.522243,0.3682249,1.396425,0.3097391,0.5265486,-0.5314177,0.2594039,-0.6107793
27,6.533355,0.3710148,1.387055,0.3107522,0.5167243,-0.541295,0.2537035,-0.6128868
27,6.544466,0.3711801,1.379246,0.3136096,0.5116876,-0.5435031,0.2436982,-0.619186
27,6.555577,0.3710318,1.372006,0.3171337,0.5072349,-0.5418335,0.2365421,-0.6270384
27,6.566689,0.3701017,1.364707,0.3217809,0.4999108,-0.5398373,0.2291318,-0.6373097
27,6.5778,0.3682585,1.357552,0.3277879,0.4895403,-0.5365303,0.2196256,-0.6513448
27,6.588911,0.3656428,1.350709,0.3345382,0.4768917,-0.5325195,0.2106267,-0.6668086
27,6.600022,0.3636832,1.343048,0.3408329,0.4639908,-0.5297508,0.2031874,-0.6802879
27,6.611134,0.3596721,1.335709,0.3482354,0.4504863,-0.5231255,0.198242,-0.6957744
27,6.622245,0.3596721,1.335709,0.3482354,0.4504863,-0.5231255,0.198242,-0.6957744
27,6.633356,0.355293,1.328045,0.3559477,0.4377394,-0.5137994,0.1994856,-0.710352
27,6.644467,0.3501246,1.320235,0.3636837,0.4245018,-0.5020012,0.2065618,-0.7246553
27,6.655579,0.3446445,1.312101,0.3718612,0.4105815,-0.4889826,0.2168712,-0.7384347
27,6.66669,0.3393657,1.304078,0.3795412,0.3965155,-0.4774123,0.2245686,-0.7512802
27,6.677801,0.3318706,1.296204,0.3879666,0.3814182,-0.4630152,0.2344479,-0.7649649
27,6.688912,0.3236253,1.288601,0.3965998,0.3654048,-0.4500477,0.2378483,-0.779336
27,6.700024,0.3150349,1.281252,0.4046862,0.350508,-0.4372256,0.2398918,-0.7927358
27,6.711135,0.304296,1.275592,0.4126804,0.338695,-0.4200999,0.2414292,-0.8065443
27,6.722246,0.2941401,1.268863,0.4206223,0.3268261,-0.403395,0.2443943,-0.8189803
27,6.733357,0.2825508,1.263262,0.4282267,0.3169913,-0.3836205,0.2465512,-0.8316035
27,6.744469,0.2697716,1.257644,0.4359107,0.3070425,-0.3620708,0.2465077,-0.8449045
27,6.75558,0.2569368,1.25261,0.4430361,0.2978134,-0.3389784,0.2455686,-0.8579609
27,6.766691,0.2442269,1.247319,0.4497375,0.2868712,-0.3164534,0.2446212,-0.8704727
27,6.777802,0.2303743,1.242317,0.4562905,0.276179,-0.2906148,0.2407217,-0.8839238
27,6.788914,0.2160785,1.23722,0.4621723,0.2643317,-0.264313,0.2363546,-0.8968857
27,6.800025,0.2021062,1.231585,0.4677706,0.251605,-0.2391005,0.2316597,-0.9087682
27,6.811136,0.1872149,1.226301,0.472446,0.2387417,-0.2125691,0.2224969,-0.9210386
27,6.822248,0.1721771,1.221007,0.4763229,0.2271488,-0.1855528,0.2116291,-0.9323019
27,6.833359,0.1578438,1.215755,0.4789162,0.2169542,-0.1592527,0.1999423,-0.9421213
27,6.84447,0.1434271,1.210569,0.480973,0.2081396,-0.1347159,0.1883213,-0.9502972
27,6.855581,0.1295304,1.205152,0.4826896,0.1993541,-0.1100648,0.1769718,-0.9575096
27,6.866693,0.1159611,1.199931,0.4824679,0.1933111,-0.08522369,0.1626223,-0.9638059
27,6.877804,0.1022761,1.194208,0.4827485,0.1849429,-0.05941082,0.1486957,-0.9696165
27,6.888915,0.08898926,1.188776,0.4815142,0.1785808,-0.0333017,0.1315774,-0.9745191
27,6.900026,0.07582164,1.182745,0.4802377,0.1716363,-0.006850237,0.1149164,-0.9784111
27,6.911138,0.06447697,1.177773,0.4773188,0.1699093,0.01622509,0.09567957,-0.9806697
27,6.922249,0.05296254,1.171921,0.4748476,0.1668932,0.03882671,0.07862082,-0.9820682
27,6.93336,0.04345036,1.166283,0.4712484,0.1668418,0.05927296,0.05970981,-0.9823876
27,6.944471,0.03462148,1.160671,0.4670017,0.1674067,0.07787912,0.04047277,-0.9819735
27,6.955583,0.02568865,1.154729,0.4627371,0.1671495,0.09679692,0.02129184,-0.9809374
27,6.966694,0.02054524,1.149527,0.4582374,0.1718017,0.1093769,0.001578588,-0.9790395
27,6.977805,0.01471615,1.143966,0.4541461,0.1752145,0.1219512,-0.01709101,-0.9767987
27,6.988916,0.01122141,1.139067,0.4499459,0.1828951,0.1278225,-0.03728518,-0.9740743
27,7.000028,0.0090518,1.134385,0.4459877,0.1922839,0.131313,-0.06043072,-0.9706349
27,7.011139,0.007351637,1.12949,0.4417841,0.2010133,0.1358424,-0.08484896,-0.9664063
27,7.02225,0.005341291,1.123966,0.4376996,0.2074483,0.1428815,-0.1075632,-0.9617589
27,7.033361,0.005187511,1.118535,0.4336526,0.2138897,0.1490174,-0.1317296,-0.9563956
27,7.044473,0.005735397,1.112537,0.4298503,0.2182156,0.1564439,-0.1549451,-0.9507362
27,7.055584,0.006953716,1.106624,0.4260981,0.2204788,0.1643229,-0.1753542,-0.9453244
27,7.066695,0.007484913,1.100282,0.4223826,0.2224357,0.172492,-0.195371,-0.9394674
27,7.077806,0.01063991,1.093575,0.4191475,0.2217548,0.1798011,-0.2152787,-0.9338905
27,7.088918,0.01417637,1.086781,0.4159591,0.2197647,0.1856162,-0.235804,-0.9282492
27,7.100029,0.0190165,1.0798,0.4133532,0.2159534,0.1897054,-0.2567894,-0.9227325
27,7.11114,0.02363634,1.072776,0.4103599,0.2122528,0.193042,-0.2766452,-0.9171428
27,7.122252,0.03039742,1.065805,0.4083169,0.205767,0.1935485,-0.2949516,-0.9127993
27,7.133363,0.03814697,1.058995,0.4062448,0.1981023,0.1926811,-0.3114982,-0.9091746
27,7.144474,0.04640484,1.052345,0.4040885,0.1907675,0.1918739,-0.3269763,-0.9054716
27,7.155585,0.05450296,1.045721,0.401747,0.1839188,0.1919111,-0.3424938,-0.9011338
27,7.166697,0.06471515,1.039506,0.399827,0.1752555,0.1909599,-0.3557575,-0.8979178
27,7.177808,0.0741086,1.033267,0.3975279,0.1675392,0.1902559,-0.3698031,-0.8938562
27,7.188919,0.08503437,1.027318,0.3951132,0.1576745,0.1880446,-0.3812329,-0.8913134
27,7.20003,0.09587765,1.021465,0.3927779,0.1475871,0.1857596,-0.3930944,-0.8883626
27,7.211142,0.1092567,1.016813,0.3906658,0.1343736,0.1791279,-0.4020848,-0.8877978
27,7.222253,0.1214759,1.011669,0.388412,0.1228454,0.1737411,-0.4128508,-0.8855943
27,7.233364,0.1353679,1.007817,0.3860149,0.109844,0.1655384,-0.4216504,-0.8847273
27,7.244475,0.1487484,1.003866,0.383539,0.09851725,0.158112,-0.4318816,-0.8824813
27,7.255587,0.1635706,1.001319,0.3809769,0.08739089,0.148805,-0.4420004,-0.8802589
27,7.266698,0.1791759,0.9999264,0.3778319,0.07751931,0.1380965,-0.4528559,-0.8774062
27,7.277809,0.1936073,0.9978222,0.3750727,0.06810427,0.1285907,-0.4642411,-0.8736742
27,7.28892,0.2093897,0.9974325,0.3718884,0.05984722,0.1158035,-0.4764731,-0.8694719
27,7.300032,0.2249155,0.9969344,0.3688056,0.05052333,0.1028674,-0.4881455,-0.865205
27,7.311143,0.2417114,0.9991113,0.3651602,0.04112398,0.08329058,-0.4964719,-0.8630685
27,7.322254,0.2580016,1.000332,0.3614275,0.03167787,0.06587341,-0.503014,-0.8611819
27,7.333365,0.2746809,1.003309,0.3571208,0.02296073,0.04459633,-0.5048253,-0.8617631
27,7.344477,0.2908704,1.006702,0.352684,0.01632249,0.02308784,-0.5050978,-0.8625989
27,7.355588,0.3069856,1.009991,0.3481035,0.009961548,0.002547417,-0.5061843,-0.8623641
27,7.366699,0.3229702,1.014897,0.3425279,0.006315339,-0.02118405,-0.5036315,-0.8636357
27,7.37781,0.3383641,1.020119,0.3368082,0.00381859,-0.04509814,-0.5010158,-0.8642539
27,7.388922,0.3536732,1.025553,0.3302717,0.002047687,-0.07075426,-0.4973211,-0.8646742
27,7.400033,0.3686376,1.031159,0.3235385,0.0002790546,-0.09714094,-0.4931001,-0.8645322
27,7.411144,0.3832541,1.03671,0.3160796,-0.0004800202,-0.1254474,-0.4874791,-0.8640758
27,7.422256,0.398731,1.041835,0.3081331,-0.001495829,-0.1537551,-0.4815553,-0.862822
27,7.433367,0.4125938,1.047354,0.2993286,-0.0002410127,-0.1849905,-0.4719552,-0.8619959
27,7.444478,0.4262857,1.052926,0.2896485,0.002128473,-0.2173502,-0.4595006,-0.8611699
27,7.455589,0.4397819,1.058053,0.2799923,0.003875045,-0.2483045,-0.4469441,-0.8594015
27,7.466701,0.4523935,1.062254,0.2693172,0.007916071,-0.2819152,-0.4283194,-0.8584892
27,7.477812,0.4646904,1.066239,0.2578759,0.01273916,-0.3159044,-0.4079231,-0.8565284
27,7.488923,0.4759693,1.069237,0.2458947,0.01813764,-0.3515634,-0.3853079,-0.8530018
27,7.500034,0.4868765,1.071411,0.2327828,0.02217797,-0.3871508,-0.3623251,-0.8475512
27,7.511146,0.4971619,1.072598,0.2199755,0.02498523,-0.4207754,-0.340789,-0.8403491
27,7.522257,0.5060291,1.07255,0.2062595,0.02755443,-0.4551762,-0.3167395,-0.831704
27,7.533368,0.5135498,1.071239,0.1927211,0.03134134,-0.4890198,-0.2915501,-0.8215083
27,7.544479,0.5197973,1.06899,0.1792371,0.03567106,-0.5207275,-0.2671542,-0.8100612
27,7.555591,0.525671,1.065979,0.1656735,0.03909953,-0.5509843,-0.2431217,-0.7973577
27,7.566702,0.5296099,1.061295,0.1526337,0.04173343,-0.5783345,-0.2191804,-0.7846958
27,7.577813,0.5324621,1.055261,0.1401989,0.04340233,-0.6028289,-0.1933607,-0.7728682
27,7.588924,0.5335329,1.047746,0.1290398,0.04501055,-0.6238838,-0.1644515,-0.7626917
27,7.600036,0.5348864,1.040282,0.1176558,0.0468243,-0.6440868,-0.1348665,-0.7515123
27,7.611147,0.5336635,1.030568,0.1088686,0.04750737,-0.6581547,-0.1028612,-0.7443085
27,7.622258,0.531776,1.020502,0.1010373,0.04640623,-0.6697778,-0.07204201,-0.7376003
27,7.633369,0.5284975,1.009061,0.09451342,0.0421647,-0.6803983,-0.04284264,-0.7303731
27,7.644481,0.525281,0.9979482,0.0876143,0.03778272,-0.6913954,-0.01473901,-0.7213374
27,7.655592,0.5198257,0.9852824,0.08314776,0.03067252,-0.6997799,0.013972,-0.713563
27,7.666703,0.5136638,0.9721161,0.07914424,0.0228028,-0.7080017,0.0454771,-0.704376
27,7.677814,0.5065384,0.958272,0.0755949,0.01465681,-0.7154299,0.07813025,-0.6941476
27,7.688926,0.4979994,0.9446695,0.07405305,0.001470653,-0.7215425,0.1048128,-0.6843892
27,7.700037,0.4900506,0.9318742,0.07210445,-0.01213007,-0.7266136,0.1258671,-0.6753096
27,7.711148,0.4801497,0.9199001,0.07389998,-0.03156507,-0.7263539,0.1354759,-0.6730973
27,7.72226,0.4701481,0.9088041,0.07758713,-0.04995133,-0.7214736,0.139975,-0.6763045
27,7.733371,0.4484901,0.8891199,0.09040308,-0.07803933,-0.7007599,0.1514947,-0.6927444
27,7.744482,0.4484901,0.8891199,0.09040308,-0.07803933,-0.7007599,0.1514947,-0.6927444
27,7.755593,0.4373512,0.879618,0.09678221,-0.0888364,-0.6906111,0.1638114,-0.6988063
27,7.766705,0.425009,0.8709261,0.1057153,-0.09790199,-0.6772665,0.1802823,-0.7065576
27,7.777816,0.3994582,0.8540138,0.1242056,-0.1219162,-0.6514812,0.216543,-0.7168109
27,7.788927,0.3994582,0.8540138,0.1242056,-0.1219162,-0.6514812,0.216543,-0.7168109
27,7.800038,0.3856337,0.8465976,0.134958,-0.1382345,-0.6354056,0.2262026,-0.7252471
27,7.81115,0.371851,0.8402354,0.1452649,-0.1531159,-0.6187583,0.2346634,-0.733912
27,7.822261,0.3574622,0.834719,0.1564429,-0.1683508,-0.5996879,0.2399376,-0.7446223
27,7.833372,0.3424709,0.8328133,0.1713872,-0.1845355,-0.5711162,0.234617,-0.764675
27,7.844483,0.3107412,0.8291293,0.1998446,-0.2143894,-0.5066992,0.2276524,-0.8034099
27,7.855595,0.3107412,0.8291293,0.1998446,-0.2143894,-0.5066992,0.2276524,-0.8034099
27,7.866706,0.2765751,0.8323893,0.2311931,-0.2369404,-0.4203907,0.2086844,-0.8506361
27,7.877817,0.2765751,0.8323893,0.2311931,-0.2369404,-0.4203907,0.2086844,-0.8506361
27,7.888928,0.2598004,0.8366334,0.2460554,-0.2416765,-0.376838,0.1985989,-0.8718624
27,7.90004,0.2285206,0.8476252,0.2732112,-0.2398429,-0.2988858,0.182906,-0.9053663
27,7.911151,0.2285206,0.8476252,0.2732112,-0.2398429,-0.2988858,0.182906,-0.9053663
27,7.922262,0.2144802,0.856725,0.286299,-0.2303638,-0.2638453,0.1765136,-0.9198702
27,7.933373,0.1887906,0.8788221,0.310919,-0.201887,-0.1962268,0.158798,-0.9463192
27,7.944485,0.1887906,0.8788221,0.310919,-0.201887,-0.1962268,0.158798,-0.9463192
27,7.955596,0.1634674,0.9038464,0.3334668,-0.1676569,-0.1269726,0.1268762,-0.9693666
27,7.966707,0.1634674,0.9038464,0.3334668,-0.1676569,-0.1269726,0.1268762,-0.9693666
27,7.977818,0.1524374,0.9187553,0.3438275,-0.1449621,-0.09467472,0.1057304,-0.9792057
27,7.98893,0.1404088,0.9330882,0.3530486,-0.1239822,-0.06189272,0.08618364,-0.9865953
27,8.000041,0.1311259,0.9505991,0.3616707,-0.09714565,-0.0318993,0.06228682,-0.992807
27,8.011152,0.1197901,0.9658016,0.3696048,-0.07489944,0.0003770779,0.04121863,-0.9963388
27,8.022264,0.1002786,0.9979843,0.3821676,-0.032376,0.06084077,0.00368859,-0.9976155
27,8.033375,0.09139132,1.014366,0.3873928,-0.01280164,0.08831281,-0.007235465,-0.9959843
27,8.044486,0.09139132,1.014366,0.3873928,-0.01280164,0.08831281,-0.007235465,-0.9959843
27,8.055597,0.08282161,1.029905,0.3917458,0.005882,0.1144031,-0.01676754,-0.9932755
27,8.066709,0.0708127,1.063304,0.3993452,0.04512763,0.1535433,-0.02189261,-0.9868681
27,8.07782,0.0708127,1.063304,0.3993452,0.04512763,0.1535433,-0.02189261,-0.9868681
27,8.088931,0.06315684,1.097657,0.4055066,0.08987039,0.1781347,-0.02200556,-0.9796465
27,8.100042,0.05979156,1.114021,0.4079983,0.1115464,0.1898734,-0.02120242,-0.975221
27,8.111154,0.05979156,1.114021,0.4079983,0.1115464,0.1898734,-0.02120242,-0.975221
27,8.122265,0.05844879,1.130598,0.4095199,0.1321971,0.1999358,-0.01677169,-0.9707051
27,8.133376,0.05716729,1.161529,0.4121637,0.1717493,0.2166479,-0.01244871,-0.9609428
27,8.144487,0.05639458,1.176026,0.4131639,0.190865,0.2242578,-0.01286787,-0.9555697
27,8.155599,0.05639458,1.176026,0.4131639,0.190865,0.2242578,-0.01286787,-0.9555697
27,8.16671,0.05759192,1.190449,0.4135098,0.208256,0.2286772,-0.01249425,-0.9508839
27,8.177821,0.0580821,1.203484,0.4144773,0.2236343,0.2328148,-0.01122903,-0.9463926
27,8.188932,0.06106496,1.214924,0.41588,0.2312762,0.2292644,-0.007115343,-0.9454621
27,8.200044,0.06307459,1.226627,0.4170446,0.2414577,0.2291846,-0.00430594,-0.9429497
27,8.211155,0.06963038,1.244786,0.4212813,0.2514676,0.2187162,0.00515427,-0.9428153
27,8.222266,0.07304811,1.252773,0.4232943,0.2571614,0.2117172,0.009042165,-0.9428478
27,8.233377,0.07632399,1.261066,0.4253564,0.2640993,0.205154,0.01244964,-0.942342
27,8.244489,0.08046031,1.267659,0.4270961,0.2704986,0.196162,0.01545825,-0.9423971
27,8.2556,0.08427644,1.272979,0.4290571,0.2765887,0.1859925,0.0178838,-0.9426482
27,8.266711,0.08777308,1.278952,0.4309695,0.283171,0.1771419,0.02041192,-0.9423472
27,8.277822,0.09157085,1.281393,0.4331293,0.2872139,0.1647725,0.02255571,-0.9433183
27,8.288934,0.09519839,1.285402,0.4349518,0.2922908,0.1536491,0.02478221,-0.9435804
27,8.300045,0.09848595,1.288657,0.4372563,0.2968828,0.1411146,0.02673545,-0.9440511
27,8.311156,0.1023171,1.288426,0.4392121,0.298479,0.1239382,0.02854935,-0.9459041
27,8.322268,0.1057622,1.289538,0.4412453,0.3009154,0.1089237,0.03148683,-0.9468866
27,8.333379,0.1094425,1.287795,0.4431088,0.2993363,0.09237526,0.03628623,-0.9489721
27,8.34449,0.1124821,1.286959,0.4446561,0.299663,0.07868776,0.03933293,-0.9499807
27,8.355601,0.1124821,1.286959,0.4446561,0.299663,0.07868776,0.03933293,-0.9499807
27,8.366713,0.1166615,1.280085,0.4479923,0.2963504,0.05006375,0.03999535,-0.9529274
