Trial,time,PositionX,PositionY,PositionZ,RotationQX,RotationQY,RotationQZ,RotationQW,frameDiff,userLevel,preTrialOffset,preLevelOffset,,
1,0.2444444,0.4400845,1.183521,3.1658399,-0.09241605,-0.6660745,0.03898213,-0.7391106,,,,,,-1
1,0.2555556,0.4391184,1.179566,3.1592622,-0.1009536,-0.656945,0.03779617,-0.7461925,,,,,,3
1,0.2666667,0.437688,1.175342,3.1530139,-0.1094094,-0.6479038,0.03611988,-0.7529579,,,,,,
1,0.2777778,0.4367027,1.171259,3.1462674,-0.1185221,-0.638315,0.03413509,-0.7598298,,,,,,
1,0.2888889,0.4349737,1.166989,3.1398687,-0.1269271,-0.6292474,0.03268674,-0.7660736,,,,,,
1,0.3,0.433257,1.162534,3.1336552,-0.1352066,-0.6200308,0.03161436,-0.7721927,,,,,,
1,0.3111111,0.4313463,1.158119,3.1273884,-0.1432829,-0.6105998,0.03140216,-0.7782363,,,,,,
1,0.3222222,0.4294415,1.153497,3.1210611,-0.1513669,-0.601101,0.03115721,-0.7840886,,,,,,
1,0.3333333,0.4273349,1.149168,3.1150011,-0.1602542,-0.59118,0.03143864,-0.7898332,,,,,,
1,0.3444445,0.4250893,1.144995,3.109066,-0.1707655,-0.580138,0.03164119,-0.7957876,,,,,,
1,0.3555556,0.4233146,1.140892,3.1027242,-0.1798828,-0.5694927,0.0314367,-0.8014562,,,,,,
1,0.3666667,0.4210436,1.136687,3.0970121,-0.1890526,-0.5577862,0.03262803,-0.8075081,,,,,,
1,0.3777778,0.419,1.132414,3.0909808,-0.1973737,-0.5465211,0.03319901,-0.8131766,,,,,,
1,0.3888889,0.4166171,1.128253,3.0852169,-0.2052179,-0.535586,0.03464374,-0.8184333,,,,,,
1,0.4,0.4142129,1.124235,3.0795463,-0.2136921,-0.5250128,0.03571929,-0.8230562,,,,,,
1,0.4111111,0.4116084,1.12019,3.0736973,-0.2218727,-0.5146889,0.03640989,-0.8273706,,,,,,
1,0.4222222,0.4088739,1.11597,3.067958,-0.2286067,-0.5044463,0.03707505,-0.8318043,,,,,,
1,0.4333333,0.4062685,1.111928,3.062213,-0.235264,-0.4938853,0.03837289,-0.836215,,,,,,
1,0.4444444,0.4036067,1.108152,3.0568083,-0.2425351,-0.4830167,0.04019441,-0.8403903,,,,,,
1,0.4555556,0.4010571,1.104824,3.0514217,-0.251804,-0.4710348,0.04163471,-0.8443859,,,,,,
1,0.4666667,0.3986238,1.10208,3.0461216,-0.2636418,-0.4579549,0.04266699,-0.847909,,,,,,
1,0.4777778,0.3964042,1.099509,3.0406177,-0.2766588,-0.4441442,0.04293736,-0.8510888,,,,,,
1,0.4888889,0.3943394,1.096892,3.0352963,-0.2879425,-0.4302822,0.04346663,-0.8544338,,,,,,
1,0.5,0.3923783,1.094453,3.0301326,-0.2977465,-0.41518,0.04404953,-0.8585058,,,,,,
1,0.5111111,0.3904652,1.09211,3.0252358,-0.3054691,-0.4015463,0.04426397,-0.8622586,,,,,,
1,0.5222223,0.3883505,1.089964,3.0199507,-0.3143715,-0.3883593,0.04352916,-0.8651317,,,,,,
1,0.5333334,0.3865277,1.088499,3.0149189,-0.3229823,-0.3755885,0.04152894,-0.8676929,,,,,,
1,0.5444446,0.3846499,1.086954,3.0099901,-0.3307247,-0.3629759,0.03920708,-0.8702486,,,,,,
1,0.5555557,0.3832189,1.086443,3.0052023,-0.3400026,-0.349518,0.03583021,-0.8723254,,,,,,
1,0.5666668,0.3820685,1.085602,3.0002319,-0.3494744,-0.3348571,0.03239641,-0.8744648,,,,,,
1,0.577778,0.3815936,1.085626,2.9956258,-0.358685,-0.318476,0.02794865,-0.8770046,,,,,,
1,0.5888891,0.3811972,1.085884,2.9911881,-0.3651813,-0.3022969,0.02472647,-0.8801408,,,,,,
1,0.6000003,0.3805884,1.085812,2.9870185,-0.3681545,-0.2884556,0.02241611,-0.8836025,,,,,,
1,0.6111114,0.3798372,1.086333,2.9826849,-0.3709809,-0.2760913,0.01958323,-0.8864329,,,,,,
1,0.6222225,0.3790781,1.086755,2.978123,-0.3756381,-0.2639666,0.01657119,-0.8882247,,,,,,
1,0.6333337,0.3783508,1.088415,2.9734809,-0.3809114,-0.253654,0.01318133,-0.8890402,,,,,,
1,0.6444448,0.37813,1.090496,2.9689207,-0.3873128,-0.2422412,0.008975632,-0.8895097,,,,,,
1,0.655556,0.3781451,1.092828,2.9645522,-0.393384,-0.2296187,0.004352808,-0.8902277,,,,,,
1,0.6666671,0.3785746,1.095634,2.9601754,-0.3995005,-0.2163146,-0.00125517,-0.8908455,,,,,,
1,0.6777782,0.3788936,1.097888,2.9557894,-0.4043724,-0.2039061,-0.006725442,-0.8915493,,,,,,
1,0.6888894,0.3790364,1.100792,2.9516727,-0.4072452,-0.1928888,-0.01288037,-0.892625,,,,,,
1,0.7000005,0.3793838,1.104434,2.9476845,-0.4106428,-0.1818169,-0.01916494,-0.8932793,,,,,,
1,0.7111117,0.3796977,1.107873,2.94348463,-0.4146451,-0.170702,-0.02599055,-0.893451,,,,,,
1,0.7222228,0.3812355,1.112204,2.93922233,-0.4192746,-0.1586573,-0.0351608,-0.8931968,,,,,,
1,0.7333339,0.3827806,1.116678,2.93535512,-0.4218416,-0.1470676,-0.04850459,-0.8933465,,,,,,
1,0.7444451,0.3838865,1.12179,2.93179861,-0.4220461,-0.1377315,-0.06594309,-0.8936211,,,,,,
1,0.7555562,0.3850285,1.126532,2.92809991,-0.4223511,-0.1286552,-0.0819267,-0.8935074,,,,,,
1,0.7666674,0.386278,1.132387,2.92483669,-0.4201459,-0.1218931,-0.1009114,-0.8935527,,,,,,
1,0.7777785,0.387913,1.138564,2.92161199,-0.4182355,-0.1144742,-0.1170753,-0.8934586,,,,,,
1,0.7888896,0.3903325,1.145639,2.91829967,-0.4178873,-0.1046036,-0.133461,-0.8925338,,,,,,
1,0.8000008,0.3931745,1.153427,2.91486166,-0.4189227,-0.09166808,-0.1502678,-0.8907977,,,,,,
1,0.8111119,0.3965443,1.161875,2.91142494,-0.421161,-0.07709887,-0.1665352,-0.8882259,,,,,,
1,0.8222231,0.4003116,1.17103,2.90797108,-0.423723,-0.06244136,-0.1825423,-0.8850075,,,,,,
1,0.8333342,0.4037626,1.180476,2.90451113,-0.4251449,-0.04988423,-0.1993305,-0.8814935,,,,,,
1,0.8444453,0.4070641,1.189757,2.90122848,-0.4257904,-0.03870747,-0.2163385,-0.8777254,,,,,,
1,0.8555565,0.4102114,1.200155,2.89789521,-0.425721,-0.0303934,-0.2341987,-0.8734924,,,,,,
1,0.8666676,0.4133046,1.211154,2.89493628,-0.4259325,-0.02393648,-0.2530523,-0.8683163,,,,,,
1,0.8777788,0.4163356,1.222705,2.89172103,-0.4263268,-0.01821697,-0.2731209,-0.8621593,,,,,,
1,0.8888899,0.419448,1.234017,2.88869222,-0.4263527,-0.01155169,-0.2921207,-0.8560114,,,,,,
1,0.900001,0.4223917,1.246334,2.88565334,-0.4253945,-0.00744338,-0.3114413,-0.8496991,,,,,,
1,0.9111122,0.4251969,1.258401,2.88286713,-0.4238412,-0.003589912,-0.3305206,-0.8432686,,,,,,
1,0.9222233,0.4276922,1.271369,2.8803545,-0.4212276,-0.003573439,-0.350351,-0.8365458,,,,,,
1,0.9333345,0.4302103,1.284402,2.87801742,-0.4179021,-0.004406217,-0.3683174,-0.8304702,,,,,,
1,0.9444456,0.432742,1.2978,2.87576432,-0.4144221,-0.005896071,-0.3854905,-0.8243887,,,,,,
1,0.9555568,0.4352072,1.311105,2.87339202,-0.4112197,-0.006293964,-0.4032995,-0.8174402,,,,,,
1,0.9666679,0.4373359,1.325048,2.87141093,-0.4075332,-0.009563172,-0.4208557,-0.8103739,,,,,,
1,0.977779,0.4391858,1.339537,2.86981758,-0.4040088,-0.01425441,-0.4368494,-0.8035772,,,,,,
1,0.9888902,0.4409232,1.353826,2.86838519,-0.4008618,-0.02010762,-0.449982,-0.7977604,,,,,,
1,1.000001,0.4424427,1.36814,2.86731072,-0.3967952,-0.0275699,-0.4619086,-0.7927383,,,,,,
1,1.011112,0.4435215,1.38246,2.8664098,-0.3916292,-0.03651187,-0.473891,-0.7878584,,,,,,
1,1.022224,0.4447027,1.396384,2.86540142,-0.3860249,-0.04436352,-0.4868172,-0.7823208,,,,,,
1,1.033335,0.4454546,1.410677,2.86510721,-0.378412,-0.05436301,-0.4984051,-0.7781012,,,,,,
1,1.044446,0.4458925,1.424923,2.86508109,-0.3695586,-0.06460981,-0.5094255,-0.7744274,,,,,,
1,1.055557,0.4462816,1.43902,2.86550111,-0.3591935,-0.07556814,-0.5191863,-0.7718259,,,,,,
1,1.066668,0.4466598,1.452767,2.86657777,-0.347207,-0.08733143,-0.5270522,-0.7707377,,,,,,
1,1.077779,0.4470494,1.466503,2.86742215,-0.3359478,-0.09845836,-0.5342931,-0.7693998,,,,,,
1,1.08889,0.4472326,1.479944,2.86911791,-0.3228481,-0.1109292,-0.5375954,-0.7710092,,,,,,
1,1.100002,0.4473978,1.493387,2.87076817,-0.3107703,-0.1225361,-0.5417258,-0.7713235,,,,,,
1,1.111113,0.4472822,1.506282,2.87308184,-0.2969659,-0.1353467,-0.5437177,-0.7732164,,,,,,
1,1.122224,0.4465612,1.518731,2.8762506,-0.2813113,-0.1487424,-0.5463558,-0.7747484,,,,,,
1,1.133335,0.4461444,1.531215,2.87881511,-0.2665318,-0.1615771,-0.5502312,-0.7746609,,,,,,
1,1.144446,0.4453324,1.542755,2.88213115,-0.2496253,-0.1757481,-0.5534025,-0.7749488,,,,,,
1,1.155557,0.4444375,1.554548,2.88550762,-0.2332623,-0.1892722,-0.5566002,-0.7745715,,,,,,
1,1.166668,0.4432433,1.564909,2.88938158,-0.2150409,-0.2040321,-0.558553,-0.7746915,,,,,,
1,1.17778,0.4418276,1.575032,2.89363719,-0.196906,-0.2181686,-0.559558,-0.7749358,,,,,,
1,1.188891,0.4405933,1.584252,2.89795055,-0.1780824,-0.2318279,-0.5589361,-0.7759723,,,,,,
1,1.200002,0.4393747,1.593788,2.90223355,-0.1599303,-0.2449251,-0.5584925,-0.7762218,,,,,,
1,1.211113,0.4381252,1.602013,2.90687124,-0.1406578,-0.2570639,-0.5561467,-0.7777111,,,,,,
1,1.222224,0.4369378,1.609694,2.91188738,-0.1210579,-0.2683102,-0.5536254,-0.7790082,,,,,,
1,1.233335,0.4355671,1.616467,2.91720448,-0.1005027,-0.2792409,-0.5513752,-0.7796854,,,,,,
1,1.244446,0.4345601,1.622269,2.92221581,-0.07913989,-0.2898836,-0.5491574,-0.7798272,,,,,,
1,1.255558,0.433177,1.628367,2.92739021,-0.05803034,-0.3008731,-0.5467938,-0.7791819,,,,,,
1,1.266669,0.4322847,1.63247,2.93258481,-0.03606359,-0.3115177,-0.5438405,-0.7783918,,,,,,
1,1.27778,0.4314055,1.636123,2.93824717,-0.01412225,-0.3222375,-0.5405945,-0.7769951,,,,,,
1,1.288891,0.4307954,1.638382,2.94370743,0.00814674,-0.3328073,-0.5357131,-0.7760055,,,,,,
1,1.300002,0.4301987,1.640043,2.94904446,0.03025015,-0.3442492,-0.529708,-0.7745883,,,,,,
1,1.311113,0.4295985,1.641636,2.9539428,0.05179241,-0.3557453,-0.5234034,-0.772536,,,,,,
1,1.322224,0.4293443,1.641914,2.9589942,0.07260444,-0.3665561,-0.5149845,-0.7714638,,,,,,
1,1.333336,0.4292289,1.641531,2.9637205,0.09251995,-0.3756071,-0.5055548,-0.7712159,,,,,,
1,1.344447,0.4287194,1.640899,2.9681534,0.1118621,-0.3831346,-0.4967285,-0.7706852,,,,,,
1,1.355558,0.4293419,1.640238,2.9729658,0.1312255,-0.3901769,-0.4884223,-0.769406,,,,,,
1,1.366669,0.4306347,1.638216,2.9774698,0.1496298,-0.3961228,-0.4806567,-0.7678977,,,,,,
1,1.37778,0.4322023,1.635435,2.981812,0.1677849,-0.402747,-0.473033,-0.7654299,,,,,,
1,1.388891,0.4333613,1.632802,2.9865824,0.1861454,-0.4105507,-0.4646621,-0.7621596,,,,,,
1,1.400002,0.4347205,1.628426,2.991204,0.2025912,-0.4198801,-0.4551288,-0.7586273,,,,,,
1,1.411114,0.4361916,1.623822,2.9947795,0.2165287,-0.4303678,-0.4434524,-0.75581,,,,,,
1,1.422225,0.4369055,1.618859,2.9977781,0.2289491,-0.4416622,-0.4303516,-0.7532028,,,,,,
1,1.433336,0.438256,1.613468,3.0008486,0.2403082,-0.4537035,-0.4161353,-0.7504908,,,,,,
1,1.444447,0.4391119,1.608223,3.0033322,0.252436,-0.464771,-0.401767,-0.7475609,,,,,,
1,1.455558,0.4408487,1.601922,3.0059383,0.2633433,-0.4756001,-0.385883,-0.7453517,,,,,,
1,1.466669,0.4429642,1.594887,3.0076106,0.2751465,-0.4847369,-0.3689682,-0.7437655,,,,,,
1,1.47778,0.4454389,1.587649,3.0096778,0.2875241,-0.4919537,-0.3512187,-0.7429381,,,,,,
1,1.488891,0.4478058,1.580334,3.011465,0.2997435,-0.4985729,-0.3333847,-0.7419121,,,,,,
1,1.500003,0.4506945,1.572199,3.0126581,0.3117502,-0.5038131,-0.3138553,-0.7419428,,,,,,
1,1.511114,0.4536578,1.563811,3.0130612,0.3226793,-0.5086888,-0.29319,-0.7423971,,,,,,
1,1.522225,0.4563895,1.555275,3.0133443,0.3320469,-0.5145577,-0.2720396,-0.7422734,,,,,,
1,1.533336,0.4589585,1.546587,3.0128933,0.3398015,-0.5223566,-0.2511392,-0.7406806,,,,,,
1,1.544447,0.4612997,1.538296,3.0126844,0.3471869,-0.5305932,-0.2310299,-0.7379414,,,,,,
1,1.555558,0.4636571,1.529437,3.0115291,0.3521627,-0.5403187,-0.2109604,-0.734529,,,,,,
1,1.566669,0.4661174,1.520434,3.0097365,0.3571532,-0.5486177,-0.1903552,-0.7315909,,,,,,
1,1.577781,0.4686684,1.511209,3.0078038,0.3620095,-0.5551275,-0.169,-0.7295352,,,,,,
1,1.588892,0.4711916,1.501787,3.0053786,0.3673788,-0.5600123,-0.1457642,-0.728129,,,,,,
1,1.600003,0.4735574,1.492652,3.0030716,0.3726312,-0.5645148,-0.1226781,-0.7262364,,,,,,
1,1.611114,0.4759965,1.48326,2.9998387,0.3779902,-0.5686237,-0.09906595,-0.7238622,,,,,,
1,1.622225,0.4778102,1.473828,2.9958021,0.3821303,-0.575919,-0.07767484,-0.7185127,,,,,,
1,1.633336,0.4789965,1.464448,2.9916498,0.3842512,-0.5864541,-0.05737559,-0.7107255,,,,,,
1,1.644447,0.479739,1.45508,2.9868432,-0.384849,0.5987325,0.0377619,0.7014163,,,,,,
1,1.655559,0.4807727,1.445953,2.9820963,-0.3853503,0.6086697,0.01745316,0.693341,,,,,,
1,1.66667,0.4810811,1.437337,2.9764262,-0.3833289,0.6187178,-0.002354714,0.6857418,,,,,,
1,1.677781,0.4815009,1.428902,2.9709778,-0.3800741,0.6253906,-0.02258878,0.6811168,,,,,,
1,1.688892,0.4817623,1.420577,2.9652258,-0.3772906,0.6271363,-0.04337574,0.6800517,,,,,,
1,1.700003,0.4825037,1.412134,2.9597207,-0.3765371,0.6264777,-0.06474121,0.6793778,,,,,,
1,1.711114,0.4829623,1.403647,2.9536083,-0.3776459,0.6194462,-0.08861431,0.6825083,,,,,,
1,1.722225,0.4826779,1.395424,2.94717596,-0.3771144,0.6136927,-0.1124388,0.6844878,,,,,,
1,1.733337,0.4816868,1.387583,2.94004227,-0.3701752,0.6164393,-0.130458,0.6826081,,,,,,
1,1.744448,0.4809098,1.379833,2.93326372,-0.3627022,0.6204677,-0.1460236,0.6798118,,,,,,
1,1.755559,0.4792208,1.372545,2.92552759,-0.3510199,0.6274161,-0.1577884,0.676932,,,,,,
1,1.76667,0.4773766,1.365729,2.91805475,-0.3390618,0.6321119,-0.17029,0.6756279,,,,,,
1,1.777781,0.4755406,1.358815,2.91005868,-0.3324245,0.6291664,-0.1854301,0.6776868,,,,,,
1,1.788892,0.4740627,1.351604,2.90184508,-0.3317844,0.6199937,-0.2040405,0.6810979,,,,,,
1,1.800003,0.4719633,1.344745,2.89346076,-0.3311493,0.6089355,-0.2241317,0.6850567,,,,,,
1,1.811115,0.469779,1.338465,2.88532102,-0.3239106,0.6049519,-0.2410288,0.6863092,,,,,,
1,1.822226,0.4668117,1.333557,2.87663975,-0.3101885,0.6064457,-0.2528722,0.687068,,,,,,
1,1.833337,0.4631915,1.329113,2.86733445,-0.2970425,0.6077862,-0.2646132,0.6872712,,,,,,
1,1.844448,0.4598601,1.324767,2.858112185,0.2870114,-0.6059116,0.2802902,-0.6869739,,,,,,
1,1.855559,0.4551216,1.322104,2.847779738,0.2832635,-0.5959563,0.3061119,-0.6862168,,,,,,
1,1.86667,0.4515407,1.318667,2.83815328,0.2808545,-0.584083,0.3320849,-0.6853374,,,,,,
1,1.877781,0.4478594,1.316145,2.82823057,0.2846125,-0.5627177,0.3661878,-0.6842887,,,,,,
1,1.888893,0.4439676,1.313928,2.81879498,0.2836838,-0.5428457,0.3982368,-0.6828249,,,,,,
1,1.900004,0.4393676,1.313803,2.81049469,0.2742125,-0.5227479,0.4305747,-0.6827499,,,,,,
1,1.911115,0.4351707,1.315303,2.80293964,0.2526817,-0.5113563,0.4527262,-0.6853509,,,,,,
1,1.922226,0.4309599,1.317609,2.79527356,0.2295347,-0.5036872,0.4658994,-0.6903266,,,,,,
1,1.933337,0.4269704,1.319911,2.78690649,0.2129139,-0.4955511,0.4730679,-0.6966375,,,,,,
1,1.944448,0.4242862,1.320697,2.7784942,0.2037171,-0.4832182,0.4826207,-0.7014819,,,,,,
1,1.955559,0.4208224,1.322734,2.76963946,0.2030694,-0.4670725,0.4878981,-0.7089158,,,,,,
1,1.966671,0.4175805,1.324837,2.76053241,0.2105543,-0.4455537,0.4958149,-0.7150639,,,,,,
1,1.977782,0.4137229,1.327668,2.75094149,0.2195369,-0.4246752,0.5026546,-0.7202728,,,,,,
1,1.988893,0.4097183,1.332199,2.7424915,0.2198347,-0.4091248,0.5071831,-0.7259856,,,,,,
1,2.000004,0.4055914,1.336803,2.7340714,0.2134053,-0.3975287,0.5087507,-0.7332134,,,,,,
1,2.011115,0.4012102,1.343202,2.7266469,0.2038687,-0.3928651,0.5002535,-0.744205,,,,,,
1,2.022226,0.3968301,1.349809,2.718771,0.1989065,-0.3874547,0.4899714,-0.7551445,,,,,,
1,2.033337,0.392508,1.356547,2.7112023,0.1993382,-0.3784229,0.4817518,-0.764837,,,,,,
1,2.044448,0.3881169,1.363367,2.7036717,0.2018839,-0.3673791,0.4742341,-0.7741948,,,,,,
1,2.055559,0.3841426,1.370096,2.6964097,0.2038092,-0.3544936,0.4697227,-0.7824044,,,,,,
1,2.06667,0.3796971,1.377483,2.6890801,0.209162,-0.3406974,0.4651386,-0.7898244,,,,,,
1,2.077781,0.3750762,1.385483,2.6821448,0.2144667,-0.3268163,0.4627866,-0.795628,,,,,,
1,2.088892,0.3701939,1.393373,2.6753554,0.2198672,-0.3121492,0.4628415,-0.7999994,,,,,,
1,2.100003,0.3653786,1.401742,2.6688603,0.2235942,-0.2982221,0.4633298,-0.8039868,,,,,,
1,2.111114,0.3599523,1.410545,2.6632477,0.2258224,-0.2858471,0.4661103,-0.8062487,,,,,,
1,2.122225,0.3543091,1.419782,2.6579505,0.2234101,-0.2795607,0.4658123,-0.8092915,,,,,,
1,2.133336,0.3486472,1.429171,2.652428,0.2206326,-0.2747548,0.4630936,-0.81325,,,,,,
1,2.144447,0.3421373,1.439322,2.6477847,0.2174692,-0.2755405,0.4604122,-0.815356,,,,,,
1,2.155558,0.3364241,1.448718,2.6427721,0.218429,-0.2687491,0.4598118,-0.8177016,,,,,,
1,2.166669,0.3306338,1.458135,2.6382655,0.2202427,-0.2607879,0.4590848,-0.8201975,,,,,,
1,2.17778,0.3254036,1.467671,2.6339093,0.2220567,-0.2502031,0.4577048,-0.8237693,,,,,,
1,2.188891,0.320505,1.476995,2.6300096,0.2257242,-0.2355368,0.4558719,-0.8281015,,,,,,
1,2.200002,0.3158194,1.48649,2.6267017,0.2298025,-0.2191326,0.4533556,-0.8328509,,,,,,
1,2.211113,0.3110891,1.495883,2.6234976,0.2340514,-0.2031727,0.4499951,-0.8375233,,,,,,
1,2.222224,0.3061986,1.505422,2.6207063,0.2390952,-0.1881007,0.4464748,-0.8414939,,,,,,
1,2.233335,0.3012622,1.51485,2.6184402,0.2445116,-0.1733897,0.4428866,-0.8449863,,,,,,
1,2.244446,0.2962172,1.524208,2.6161471,0.2499074,-0.1607345,0.4380887,-0.8484039,,,,,,
1,2.255557,0.2910047,1.533568,2.6143249,0.2550293,-0.1503468,0.431948,-0.8519254,,,,,,
1,2.266668,0.28593,1.542971,2.612373,0.2595495,-0.139467,0.4260717,-0.8553631,,,,,,
1,2.277779,0.2811617,1.552053,2.6111967,0.2641504,-0.1294815,0.4187191,-0.859147,,,,,,
1,2.28889,0.2765824,1.561208,2.6097995,0.2687855,-0.117442,0.4122557,-0.8625585,,,,,,
1,2.300001,0.2725022,1.57008,2.6095356,0.2737009,-0.1030819,0.4080872,-0.8648277,,,,,,
1,2.311112,0.2685482,1.5789,2.609574,0.27842,-0.08813795,0.4060891,-0.8659132,,,,,,
1,2.322223,0.2644367,1.587506,2.6095096,0.2837177,-0.07459269,0.4050636,-0.8659468,,,,,,
1,2.333334,0.2605441,1.595604,2.609857,0.2888205,-0.06231248,0.4044935,-0.8654969,,,,,,
1,2.344445,0.2564721,1.604105,2.6101166,0.2929823,-0.05241739,0.4016314,-0.8660867,,,,,,
1,2.355556,0.2527644,1.612279,2.6115582,0.2943717,-0.04895096,0.3956828,-0.868553,,,,,,
1,2.366668,0.2491411,1.620568,2.613341,0.29554,-0.04567005,0.3904113,-0.8707178,,,,,,
1,2.377779,0.2459411,1.628586,2.6148883,0.2985255,-0.0386706,0.3876955,-0.8712516,,,,,,
1,2.38889,0.2427074,1.636211,2.6164248,0.30257,-0.02967382,0.3876121,-0.8702458,,,,,,
1,2.400001,0.2402583,1.643379,2.6181652,0.3070865,-0.01721533,0.3883097,-0.8686871,,,,,,
1,2.411112,0.238724,1.650178,2.6203905,0.3113726,-0.003913114,0.3871217,-0.8678529,,,,,,
1,2.422223,0.2373966,1.657066,2.6226495,0.3157007,0.008387573,0.383584,-0.8678284,,,,,,
1,2.433334,0.2360157,1.663781,2.6250551,0.3202879,0.01867871,0.379366,-0.8678412,,,,,,
1,2.444445,0.2353188,1.670061,2.6277337,0.3266973,0.02733022,0.3733987,-0.8678107,,,,,,
1,2.455556,0.2347799,1.675868,2.6305396,0.3347478,0.03471138,0.3679492,-0.866806,,,,,,
1,2.466667,0.2345144,1.681514,2.6339329,0.3430596,0.0389074,0.3605568,-0.8664843,,,,,,
1,2.477778,0.2340971,1.687403,2.6370189,0.3501144,0.04288712,0.3526939,-0.8667109,,,,,,
1,2.488889,0.2343896,1.692799,2.6407116,0.3575436,0.04369882,0.3432548,-0.8674269,,,,,,
1,2.5,0.2350663,1.698059,2.644646,0.3650301,0.04605354,0.3347883,-0.8674958,,,,,,
1,2.511111,0.2361197,1.703022,2.6484912,0.373035,0.05047663,0.3268227,-0.8668818,,,,,,
1,2.522222,0.2370779,1.708188,2.6520576,0.3804886,0.05532024,0.3187666,-0.8663464,,,,,,
1,2.533333,0.2387464,1.712858,2.6559926,0.3883113,0.06027195,0.3101052,-0.8656885,,,,,,
1,2.544444,0.2408744,1.71744,2.6597457,0.3956453,0.06653414,0.3011579,-0.8650677,,,,,,
1,2.555555,0.2433321,1.721897,2.6638393,0.4021959,0.07179552,0.2906057,-0.8652354,,,,,,
1,2.566666,0.2454528,1.72653,2.6677438,0.4088259,0.07613795,0.2803077,-0.8651543,,,,,,
1,2.577777,0.2482285,1.730711,2.6721616,0.4151416,0.0797042,0.269795,-0.8651679,,,,,,
1,2.588888,0.2514217,1.734734,2.6767253,0.4201994,0.08163327,0.257646,-0.8662489,,,,,,
1,2.599999,0.254452,1.738722,2.6817474,0.4239871,0.08181282,0.2452311,-0.8679882,,,,,,
1,2.61111,0.2577372,1.742682,2.6867839,0.4278519,0.08151525,0.2338876,-0.8692495,,,,,,
1,2.622221,0.2608338,1.746567,2.6915037,0.4326515,0.08285465,0.2233672,-0.8695142,,,,,,
1,2.633332,0.264486,1.75009,2.696333,0.4378361,0.08588586,0.2134298,-0.8691208,,,,,,
1,2.644443,0.2683359,1.753418,2.7010351,0.4429188,0.09007338,0.204098,-0.8683628,,,,,,
1,2.655554,0.271936,1.756397,2.7056514,0.4488661,0.09393918,0.1971482,-0.866503,,,,,,
1,2.666665,0.2754249,1.759188,2.7103175,0.4561677,0.09604852,0.1915399,-0.8637119,,,,,,
1,2.677776,0.2788172,1.762028,2.7147272,0.4632849,0.0976068,0.1845995,-0.8612567,,,,,,
1,2.688887,0.282743,1.764113,2.7193617,0.4711736,0.09725959,0.1777242,-0.858458,,,,,,
1,2.699998,0.2867598,1.766084,2.7242701,0.47822,0.09480874,0.1685752,-0.8566793,,,,,,
1,2.711109,0.2909797,1.768263,2.7296705,0.4841855,0.09319019,0.1587646,-0.8553795,,,,,,
1,2.72222,0.2961121,1.76924,2.7354342,0.4890318,0.0935483,0.1497414,-0.8542098,,,,,,
1,2.733331,0.3006222,1.770857,2.7406375,0.4953171,0.09375878,0.1426948,-0.8517679,,,,,,
1,2.744442,0.3049113,1.771194,2.7456171,0.5037121,0.09283827,0.1392595,-0.8475034,,,,,,
1,2.755553,0.3092018,1.771065,2.75037531,0.5141329,0.09252959,0.1392296,-0.8412614,,,,,,
1,2.766664,0.3134036,1.770205,2.75451075,0.5261644,0.09209266,0.1405012,-0.8336244,,,,,,
1,2.777775,0.3179709,1.76982,2.75881783,0.5374193,0.09162365,0.1404553,-0.8264732,,,,,,
1,2.788886,0.3227979,1.768608,2.76339946,0.5487975,0.08939555,0.1406955,-0.8191671,,,,,,
1,2.799997,0.327583,1.767371,2.76767353,0.5591071,0.08620693,0.1392103,-0.8127657,,,,,,
1,2.811108,0.3331734,1.764654,2.77231568,0.5695121,0.0791605,0.1374171,-0.8065397,,,,,,
1,2.822219,0.3382815,1.762574,2.77681322,0.5792153,0.07288983,0.1355069,-0.8005215,,,,,,
1,2.83333,0.3436466,1.75983,2.78074724,0.5894341,0.06499927,0.1349171,-0.7938136,,,,,,
1,2.844441,0.3489789,1.756247,2.7842119,0.5996983,0.05847036,0.1354044,-0.7865169,,,,,,
1,2.855552,0.3546076,1.752845,2.78738066,0.609947,0.05227657,0.1372336,-0.7787161,,,,,,
1,2.866663,0.3599745,1.7486,2.79036189,0.6203183,0.04465283,0.1401817,-0.7704288,,,,,,
1,2.877774,0.365361,1.744955,2.79317066,0.6303417,0.03673805,0.1425741,-0.7622285,,,,,,
1,2.888885,0.3707258,1.74024,2.79560537,0.6402335,0.02715102,0.1468344,-0.7535274,,,,,,
1,2.899997,0.3756809,1.735155,2.79733051,0.6495426,0.01759068,0.1530494,-0.7445543,,,,,,
1,2.911108,0.3810852,1.729858,2.79878712,0.6582956,0.01039464,0.1608117,-0.7353085,,,,,,
1,2.922219,0.3864467,1.724075,2.79979762,0.665553,0.002414081,0.1683466,-0.7271128,,,,,,
1,2.93333,0.3915213,1.718519,2.80134421,0.6713467,-0.008912373,0.174502,-0.7202523,,,,,,
1,2.944441,0.3964492,1.712357,2.80297323,0.6735334,-0.0261636,0.180934,-0.7161922,,,,,,
1,2.955552,0.4009669,1.705906,2.80397614,0.6741155,-0.04114878,0.1888797,-0.7128813,,,,,,
1,2.966663,0.4057686,1.699182,2.80452259,0.6746264,-0.04970085,0.199002,-0.7090892,,,,,,
1,2.977774,0.4106351,1.692751,2.80468765,0.6763621,-0.05653346,0.2088299,-0.7040799,,,,,,
1,2.988885,0.4157865,1.68531,2.80414037,0.6771019,-0.06042501,0.2197394,-0.6997119,,,,,,
1,2.999996,0.4204763,1.678376,2.8035111,0.678155,-0.06701965,0.2297187,-0.6948695,,,,,,
1,3.011107,0.4248384,1.670354,2.80143224,0.6780869,-0.07547267,0.2406169,-0.6903662,,,,,,
1,3.022218,0.4288383,1.662438,2.79948711,0.6780225,-0.08420475,0.2510553,-0.6856868,,,,,,
1,3.033329,0.4288383,1.662438,2.79948711,0.6780225,-0.08420475,0.2510553,-0.6856868,,,,,,
1,3.04444,0.4366015,1.646744,2.795595,0.6763777,-0.1036751,0.2695625,-0.6775699,,,,,,
1,3.055551,0.4403221,1.638098,2.79294892,0.6732849,-0.1162308,0.276151,-0.6759576,,,,,,
1,3.066662,0.4436532,1.629125,2.79050054,0.6670605,-0.1304879,0.2816627,-0.6772514,,,,,,
1,3.077773,0.4471917,1.620522,2.78789399,0.6616473,-0.141218,0.2883745,-0.6775844,,,,,,
1,3.088884,0.450295,1.611338,2.78459655,0.6549552,-0.148146,0.2962436,-0.67921,,,,,,
1,3.099995,0.4530679,1.602079,2.78065728,0.6481172,-0.1535822,0.3050659,-0.6806552,,,,,,
1,3.111106,0.4557584,1.592797,2.77664172,0.6409415,-0.1601747,0.3134277,-0.68213,,,,,,
1,3.122217,0.4577501,1.583312,2.772309,0.6323671,-0.1685682,0.3208479,-0.6846557,,,,,,
1,3.133328,0.4595338,1.573625,2.76764275,0.6231391,-0.177944,0.3272382,-0.6877128,,,,,,
1,3.144439,0.4608569,1.564138,2.76271541,0.6133966,-0.1876,0.3337406,-0.6907737,,,,,,
1,3.15555,0.4617954,1.554326,2.75789604,0.6027225,-0.1958876,0.3409154,-0.6943562,,,,,,
1,3.166661,0.462989,1.544802,2.75312304,0.5925837,-0.2030894,0.3484849,-0.6972501,,,,,,
1,3.177772,0.4633823,1.534762,2.7475831,0.5817533,-0.2083395,0.3566524,-0.7006832,,,,,,
1,3.188883,0.4632447,1.525348,2.7417697,0.5706592,-0.2133642,0.3651679,-0.7039008,,,,,,
1,3.199994,0.4632911,1.515595,2.7359005,0.5605723,-0.2188547,0.374616,-0.705354,,,,,,
1,3.211105,0.4620655,1.50584,2.7294393,0.5507175,-0.2240209,0.382945,-0.7070206,,,,,,
1,3.222216,0.4606363,1.495918,2.7228851,0.5401512,-0.2281505,0.3942393,-0.7076437,,,,,,
1,3.233327,0.4590208,1.485943,2.7167364,0.5290951,-0.2329323,0.4046156,-0.7085811,,,,,,
1,3.244438,0.4559,1.476223,2.7102335,0.5165853,-0.2371593,0.4166876,-0.7094129,,,,,,
1,3.255549,0.4527787,1.46624,2.7035678,0.5034977,-0.2413591,0.4280167,-0.71066,,,,,,
1,3.26666,0.4490747,1.456627,2.6971189,0.4896884,-0.2444583,0.4384113,-0.7129103,,,,,,
1,3.277771,0.4454524,1.446529,2.6906478,0.4758434,-0.2462017,0.4470677,-0.716302,,,,,,
1,3.288882,0.4416129,1.436888,2.6842311,0.4621272,-0.2474887,0.4543681,-0.7202344,,,,,,
1,3.299993,0.4370137,1.427305,2.6775734,0.447515,-0.2495574,0.4599252,-0.7252036,,,,,,
1,3.311104,0.4328011,1.417582,2.6711664,0.4332667,-0.2513242,0.4654803,-0.7296878,,,,,,
1,3.322215,0.4281486,1.408149,2.6648798,0.4181634,-0.2526284,0.4700997,-0.7350677,,,,,,
1,3.333326,0.4227294,1.398917,2.6587813,0.401563,-0.2533532,0.473334,-0.7419666,,,,,,
1,3.344437,0.4168249,1.389853,2.6526794,0.3855634,-0.2523884,0.4769738,-0.748423,,,,,,
1,3.355548,0.4106076,1.380776,2.6467505,0.3698659,-0.2502192,0.481255,-0.7543098,,,,,,
1,3.366659,0.4039333,1.37201,2.6410857,0.3543059,-0.2478705,0.4849111,-0.7601901,,,,,,
1,3.37777,0.3973243,1.363298,2.6353157,0.3385735,-0.2468192,0.4881869,-0.765586,,,,,,
1,3.388881,0.3891692,1.355443,2.6301173,0.3217717,-0.2460571,0.4905184,-0.7715639,,,,,,
1,3.399992,0.3816869,1.347198,2.6247644,0.3050012,-0.2447554,0.4931751,-0.7770762,,,,,,
1,3.411103,0.3731912,1.339297,2.6200053,0.288116,-0.242612,0.4946787,-0.7832125,,,,,,
1,3.422215,0.3646235,1.331658,2.615354,0.2723106,-0.2391961,0.4954375,-0.7894137,,,,,,
1,3.433326,0.355978,1.324043,2.6107274,0.2575316,-0.2332273,0.495261,-0.7962407,,,,,,
1,3.444437,0.3472833,1.316526,2.6067593,0.2422227,-0.225731,0.4929736,-0.8045812,,,,,,
1,3.455548,0.3384706,1.309248,2.6028254,0.2264219,-0.2175643,0.4891861,-0.8136928,,,,,,
1,3.466659,0.3298303,1.302268,2.5992385,0.2098942,-0.2099271,0.4862693,-0.8218378,,,,,,
1,3.47777,0.3205342,1.295697,2.5963116,0.1932322,-0.2001933,0.4831654,-0.8301418,,,,,,
1,3.488881,0.3109988,1.289348,2.5937028,0.1776992,-0.1902277,0.480626,-0.8373979,,,,,,
1,3.499992,0.3017004,1.282877,2.5910734,0.1622769,-0.1813789,0.4773437,-0.8443406,,,,,,
1,3.511103,0.2920336,1.276814,2.5889234,0.1477021,-0.1716667,0.4729894,-0.8514668,,,,,,
1,3.522214,0.2825763,1.27096,2.5873961,0.1334058,-0.1617664,0.4674776,-0.8587778,,,,,,
1,3.533325,0.2729534,1.264915,2.5859595,0.1190547,-0.1512706,0.4614433,-0.8660331,,,,,,
1,3.544436,0.2635954,1.259167,2.5849393,0.1057887,-0.1406936,0.4555491,-0.8726335,,,,,,
1,3.555547,0.254048,1.253327,2.5845316,0.09465718,-0.1295135,0.4500213,-0.8784914,,,,,,
1,3.566658,0.2446121,1.247367,2.5838277,0.08340763,-0.1187185,0.4444416,-0.8839802,,,,,,
1,3.577769,0.2345586,1.241469,2.5835299,0.07339512,-0.1089243,0.4369497,-0.8898448,,,,,,
1,3.58888,0.2244512,1.235789,2.5842227,0.06331764,-0.1000052,0.4287181,-0.895651,,,,,,
1,3.599991,0.2147054,1.230013,2.5847364,0.05162333,-0.0896396,0.4215359,-0.9008924,,,,,,
1,3.611102,0.2053653,1.224531,2.5862686,0.03798352,-0.07522609,0.4167753,-0.9050949,,,,,,
1,3.622213,0.1968196,1.219163,2.5883975,0.02260443,-0.05807037,0.4155191,-0.9074475,,,,,,
1,3.633324,0.1885388,1.21374,2.5907463,0.006352777,-0.04090352,0.4145928,-0.9090651,,,,,,
1,3.644435,0.1801382,1.20842,2.5923748,-0.008268003,-0.0256423,0.4115838,-0.9109735,,,,,,
1,3.655546,0.1719,1.201937,2.5949366,-0.02110916,-0.01094059,0.4083458,-0.9125177,,,,,,
1,3.666657,0.1626513,1.195826,2.5969908,-0.03309868,0.000899275,0.4025227,-0.914811,,,,,,
1,3.677768,0.1541281,1.189832,2.6001632,-0.0458571,0.009658612,0.3924647,-0.9185725,,,,,,
1,3.688879,0.1464846,1.184492,2.6033384,-0.06136688,0.01955033,0.3792064,-0.923068,,,,,,
1,3.69999,0.1400787,1.179303,2.6065769,-0.07915816,0.0340772,0.3656164,-0.9267672,,,,,,
1,3.711101,0.1348001,1.174715,2.609366,-0.0975662,0.05248648,0.3541887,-0.9285884,,,,,,
1,3.722212,0.1286626,1.169656,2.6118812,-0.1150477,0.07084998,0.3437209,-0.929301,,,,,,
1,3.733323,0.1240103,1.164846,2.6147672,-0.1313246,0.0909172,0.3342037,-0.9288681,,,,,,
1,3.744434,0.1188924,1.159823,2.6178696,-0.1441602,0.1079732,0.324751,-0.9284915,,,,,,
1,3.755545,0.1134203,1.154984,2.6211684,-0.1557413,0.1214628,0.3126981,-0.9290917,,,,,,
1,3.766656,0.1084355,1.150843,2.6244224,-0.1675648,0.133118,0.2956907,-0.9310041,,,,,,
1,3.777767,0.1038688,1.146978,2.6275463,-0.1803285,0.1466796,0.2774009,-0.9322101,,,,,,
1,3.788878,0.1010613,1.14421,2.6300677,-0.1949247,0.1622455,0.2520264,-0.9338969,,,,,,
1,3.799989,0.09900388,1.142782,2.632161,-0.2119561,0.1791035,0.2192558,-0.9353735,,,,,,
1,3.8111,0.09668207,1.141597,2.6337127,-0.2285199,0.1956428,0.1827677,-0.9360014,,,,,,
1,3.822211,0.0954478,1.141822,2.6348593,-0.24248,0.2161955,0.1374824,-0.9357145,,,,,,
1,3.833322,0.09431468,1.141326,2.6357408,-0.2510085,0.2406747,0.1037999,-0.9318241,,,,,,
1,3.844433,0.09288094,1.140658,2.6364497,-0.2568904,0.2646627,0.07917766,-0.9261166,,,,,,
1,3.855544,0.09162191,1.140151,2.6377538,-0.2622686,0.2870699,0.06361642,-0.9191078,,,,,,
1,3.866655,0.09027809,1.139679,2.638553,-0.270121,0.3080331,0.04616529,-0.9110538,,,,,,
1,3.877766,0.0900853,1.141368,2.6387364,-0.2794178,0.3283006,0.02507099,-0.9019512,,,,,,
1,3.888877,0.09030084,1.14471,2.6378096,-0.2904365,0.3462452,-0.006516748,-0.8920305,,,,,,
1,3.899988,0.09047198,1.14927,2.6362943,-0.3013533,0.3631194,-0.04054499,-0.8807308,,,,,,
1,3.911099,0.09030665,1.153112,2.6344559,-0.3120491,0.3798997,-0.0731755,-0.8677253,,,,,,
1,3.92221,0.09064218,1.15958,2.6322542,-0.3226347,0.3932577,-0.1090687,-0.8540254,,,,,,
1,3.933321,0.09126776,1.165338,2.6289034,-0.3281045,0.4063661,-0.1384555,-0.8414536,,,,,,
1,3.944432,0.09206979,1.171595,2.6257349,-0.3265707,0.4171788,-0.1675072,-0.8314174,,,,,,
1,3.955544,0.09225124,1.177892,2.6230062,-0.3175272,0.4248558,-0.1996895,-0.8238921,,,,,,
1,3.966655,0.09192367,1.184402,2.6204505,-0.3084802,0.431991,-0.2330317,-0.8148128,,,,,,
1,3.977766,0.09211628,1.193092,2.6165913,-0.2970708,0.4378773,-0.2633912,-0.8066211,,,,,,
1,3.988877,0.09249251,1.202312,2.6124381,-0.2909306,0.4435119,-0.2856286,-0.7981685,,,,,,
1,3.999988,0.09267111,1.212748,2.6077596,-0.288992,0.4471931,-0.3051974,-0.7895294,,,,,,
1,4.011099,0.09224793,1.222945,2.6035729,-0.2872922,0.4500352,-0.3264127,-0.7799913,,,,,,
1,4.02221,0.09146129,1.235291,2.598641,-0.2853809,0.4492979,-0.3470284,-0.7721791,,,,,,
1,4.033321,0.09005496,1.247608,2.5936047,-0.2817843,0.4470739,-0.3670535,-0.7655026,,,,,,
1,4.044433,0.08844094,1.260841,2.5889882,-0.2750222,0.4442372,-0.3866079,-0.7599675,,,,,,
1,4.055544,0.0869776,1.273558,2.5846445,-0.2671075,0.4415814,-0.4056311,-0.7544025,,,,,,
1,4.066655,0.08444163,1.287791,2.5800505,-0.2553071,0.4377677,-0.4229568,-0.7511893,,,,,,
1,4.077766,0.08155136,1.30256,2.5759565,-0.2414126,0.4329792,-0.4401403,-0.7486826,,,,,,
1,4.088878,0.07897386,1.317593,2.5720069,-0.2280541,0.4281266,-0.4544779,-0.7470937,,,,,,
1,4.099989,0.07555597,1.333153,2.5683128,-0.2168684,0.4232397,-0.465454,-0.7464509,,,,,,
1,4.1111,0.07257721,1.348146,2.5648842,-0.2058309,0.4180464,-0.476841,-0.7453145,,,,,,
1,4.122211,0.06847161,1.364366,2.5621365,-0.1931637,0.4114575,-0.4857729,-0.7466025,,,,,,
1,4.133323,0.06847161,1.364366,2.5621365,-0.1931637,0.4114575,-0.4857729,-0.7466025,,,,,,
1,4.144434,0.06054471,1.396117,2.5576609,-0.1629931,0.3965741,-0.5043861,-0.7495046,,,,,,
1,4.155545,0.05582248,1.412784,2.5561073,-0.1449099,0.3890188,-0.5133477,-0.7510924,,,,,,
1,4.166656,0.05142538,1.428949,2.5552564,-0.1249807,0.381041,-0.5229739,-0.7521209,,,,,,
1,4.177768,0.04678965,1.445254,2.5550815,-0.1042119,0.3728262,-0.5339922,-0.7516601,,,,,,
1,4.188879,0.04208787,1.46145,2.5555466,-0.08320165,0.3637789,-0.5455128,-0.7504387,,,,,,
1,4.19999,0.03700791,1.478013,2.5566239,-0.06451011,0.3545341,-0.5552307,-0.7495753,,,,,,
1,4.211102,0.03248979,1.493692,2.5575451,-0.04710019,0.3458867,-0.5622455,-0.7496825,,,,,,
1,4.222213,0.02789879,1.509034,2.5598442,-0.03124259,0.3377362,-0.5646494,-0.7524156,,,,,,
1,4.233324,0.02412596,1.524922,2.5610263,-0.01468824,0.3293486,-0.5676612,-0.7543704,,,,,,
1,4.244435,0.01976356,1.53964,2.564513,0.003258025,0.3205814,-0.5699072,-0.7565864,,,,,,
1,4.255547,0.01536831,1.554055,2.5685296,0.02384223,0.3121888,-0.5747954,-0.7560292,,,,,,
1,4.266658,0.01100396,1.568956,2.5727214,0.0465243,0.3039526,-0.5837556,-0.7514505,,,,,,
1,4.277769,0.006642476,1.583433,2.576522,0.06901471,0.2952739,-0.5935742,-0.7454663,,,,,,
1,4.28888,0.002012178,1.597365,2.5814943,0.09431826,0.2857151,-0.6078257,-0.7348598,,,,,,
1,4.299992,-0.002333656,1.610829,2.587242,0.120205,0.2735296,-0.6232772,-0.7226742,,,,,,
1,4.311103,-0.006708533,1.62373,2.5933422,0.1452134,0.2600388,-0.6385179,-0.7096393,,,,,,
1,4.322214,-0.01055793,1.636376,2.5998019,0.1658592,0.2491845,-0.6474943,-0.7008203,,,,,,
1,4.333325,-0.01419967,1.64864,2.6053793,0.1853222,0.2401895,-0.6530641,-0.6938819,,,,,,
1,4.344437,-0.01756185,1.660094,2.6116758,0.2015188,0.2348043,-0.6527104,-0.691539,,,,,,
1,4.355548,-0.02023497,1.670915,2.6177243,0.2173634,0.2310828,-0.6498712,-0.6906675,,,,,,
1,4.366659,-0.02298611,1.681092,2.624137,0.2334882,0.2276802,-0.646834,-0.6893845,,,,,,
1,4.37777,-0.0249826,1.691066,2.6306729,0.2502348,0.2245872,-0.6435091,-0.687633,,,,,,
1,4.388882,-0.02717581,1.700349,2.6369888,0.2674816,0.2204822,-0.640526,-0.6852502,,,,,,
1,4.399993,-0.02948207,1.709903,2.6433648,0.2846831,0.2151669,-0.6391158,-0.6813148,,,,,,
1,4.411104,-0.03141899,1.718682,2.6497385,0.3009957,0.2111934,-0.6370986,-0.6774248,,,,,,
1,4.422215,-0.03300448,1.727208,2.6564026,0.3168536,0.207654,-0.6355104,-0.672763,,,,,,
1,4.433327,-0.03475226,1.735655,2.6624611,0.3334394,0.2039254,-0.6332695,-0.6679839,,,,,,
1,4.444438,-0.03637025,1.742915,2.6686858,0.3504135,0.2009826,-0.6289991,-0.6642113,,,,,,
1,4.455549,-0.03717799,1.74944,2.6752931,0.3665535,0.1985237,-0.6217049,-0.6631061,,,,,,
1,4.46666,-0.03795376,1.75501,2.6810187,0.3803635,0.1984114,-0.6117033,-0.6646622,,,,,,
1,4.477772,-0.03832321,1.760619,2.6866735,0.3920715,0.2001051,-0.599696,-0.6682834,,,,,,
1,4.488883,-0.03924362,1.766531,2.69225,0.404427,0.2014994,-0.5882998,-0.6706268,,,,,,
1,4.499994,-0.03954202,1.77082,2.6971583,0.4163304,0.2037947,-0.5737054,-0.6752768,,,,,,
1,4.511106,-0.039892,1.774515,2.7018116,0.4305908,0.2051234,-0.5583693,-0.6787782,,,,,,
1,4.522217,-0.04008953,1.777238,2.7060135,0.4467834,0.2065154,-0.541054,-0.6819066,,,,,,
1,4.533328,-0.04034606,1.780347,2.7099945,0.4625578,0.2071232,-0.5241538,-0.6843998,,,,,,
1,4.544439,-0.04045436,1.780632,2.7134979,0.4769114,0.2083941,-0.5018057,-0.6908825,,,,,,
1,4.555551,-0.04076695,1.78242,2.7170631,0.4887744,0.2107876,-0.4814001,-0.6963635,,,,,,
1,4.566662,-0.04149371,1.783396,2.7201278,0.4996957,0.2140192,-0.4590206,-0.7027092,,,,,,
1,4.577773,-0.04238068,1.781999,2.7223924,0.5090616,0.2179284,-0.4336528,-0.7108509,,,,,,
1,4.588884,-0.04355377,1.780929,2.7244651,0.5199847,0.2203708,-0.4102674,-0.716054,,,,,,
1,4.599996,-0.04487181,1.779927,2.7266559,0.5310155,0.2226105,-0.3876477,-0.7198587,,,,,,
1,4.611107,-0.04629347,1.777445,2.7279183,0.5417013,0.2267988,-0.3646365,-0.722608,,,,,,
1,4.622218,-0.04752067,1.774128,2.7285825,0.5514497,0.2323189,-0.3405633,-0.7252226,,,,,,
1,4.633329,-0.04961688,1.769724,2.7291433,0.559682,0.2368183,-0.3157283,-0.7286898,,,,,,
1,4.644441,-0.05221903,1.764229,2.730135,0.5656774,0.238103,-0.2909064,-0.7339548,,,,,,
1,4.655552,-0.05515866,1.758927,2.7311284,0.5711926,0.2381712,-0.2678009,-0.7384418,,,,,,
1,4.666663,-0.05855788,1.751793,2.7319975,0.5747142,0.2369129,-0.2478527,-0.7430646,,,,,,
1,4.677774,-0.06242042,1.744,2.7324708,0.576377,0.2375461,-0.2311008,-0.7469631,,,,,,
1,4.688886,-0.0659233,1.736185,2.7327658,0.5775086,0.2405221,-0.2186171,-0.7488922,,,,,,
1,4.699997,-0.0694112,1.728497,2.7328094,0.5791467,0.2441413,-0.2059801,-0.7500377,,,,,,
1,4.711108,-0.07340454,1.718658,2.7323148,0.5762265,0.2502463,-0.2055999,-0.7503789,,,,,,
1,4.722219,-0.07704832,1.709765,2.7320472,0.5744566,0.2557215,-0.1992698,-0.7515968,,,,,,
1,4.733331,-0.08117591,1.699127,2.7315338,0.5701711,0.2599967,-0.2013258,-0.7528443,,,,,,
1,4.744442,-0.0853022,1.688396,2.7313354,0.566981,0.2609014,-0.2032564,-0.7544202,,,,,,
1,4.755553,-0.08926684,1.675958,2.7316166,0.5603382,0.258904,-0.2166215,-0.7563499,,,,,,
1,4.766665,-0.09287295,1.66354,2.7317549,0.5514723,0.2591353,-0.236185,-0.7569306,,,,,,
1,4.777776,-0.0963646,1.650784,2.7316307,0.5404496,0.2650018,-0.2571016,-0.7560338,,,,,,
1,4.788887,-0.099822,1.637038,2.7310121,0.5285503,0.2751721,-0.273901,-0.7549127,,,,,,
1,4.799998,-0.1040297,1.623315,2.7301585,0.5181737,0.2853118,-0.2846185,-0.7543776,,,,,,
1,4.81111,-0.1077071,1.607264,2.7280407,0.5031918,0.3071078,-0.2936047,-0.7525153,,,,,,
1,4.822221,-0.1111865,1.592633,2.7263154,0.4896106,0.3238794,-0.3029571,-0.7507334,,,,,,
1,4.833332,-0.1140494,1.577344,2.724274,0.4728181,0.34455,-0.3151621,-0.7472625,,,,,,
1,4.844443,-0.1170859,1.562046,2.722555,0.4566143,0.3606233,-0.3286441,-0.7439404,,,,,,
1,4.855555,-0.11965,1.545234,2.7214884,0.4378882,0.3719642,-0.3460605,-0.7417135,,,,,,
1,4.866666,-0.1227116,1.528815,2.7207049,0.4210444,0.3808148,-0.3595507,-0.7405573,,,,,,
1,4.877777,-0.1257958,1.510226,2.7200264,0.402896,0.3870779,-0.37042,-0.7420476,,,,,,
1,4.888888,-0.1282589,1.491693,2.7192176,0.3847958,0.3957493,-0.3787852,-0.742857,,,,,,
1,4.9,-0.1309272,1.474284,2.718011,0.3677558,0.4061694,-0.3882656,-0.7409669,,,,,,
1,4.911111,-0.1329176,1.456774,2.7167749,0.3508531,0.4185751,-0.3993726,-0.7363414,,,,,,
1,4.922222,-0.1348463,1.439158,2.7153442,0.3342195,0.4312616,-0.4103055,-0.7307258,,,,,,
1,4.933333,-0.1361373,1.42131,2.7150535,0.3160143,0.4435228,-0.4186969,-0.7267156,,,,,,
1,4.944445,-0.137888,1.402985,2.7144659,0.2959891,0.4549771,-0.4243583,-0.7247803,,,,,,
1,4.955556,-0.1385733,1.384537,2.7154381,0.2728058,0.4662775,-0.4250258,-0.7263025,,,,,,
1,4.966667,-0.1387227,1.365933,2.7161805,0.2499199,0.4783487,-0.4234328,-0.7276175,,,,,,
1,4.977778,-0.1393159,1.348382,2.7164064,0.2293987,0.4909135,-0.4260799,-0.7244558,,,,,,
1,4.98889,-0.1395089,1.330951,2.7166218,0.210224,0.5028337,-0.4305186,-0.7194566,,,,,,
1,5.000001,-0.1391508,1.314083,2.7174194,0.1933585,0.5130331,-0.4382296,-0.7122952,,,,,,
1,5.011112,-0.1376871,1.298276,2.7192917,0.176959,0.5211834,-0.4481003,-0.7044569,,,,,,
1,5.022223,-0.1376021,1.281885,2.720032,0.1587397,0.528976,-0.4553305,-0.6983268,,,,,,
1,5.033335,-0.1356933,1.266275,2.7225426,0.1405602,0.5344951,-0.4629609,-0.6929827,,,,,,
1,5.044446,-0.1347512,1.250003,2.7243304,0.123165,0.5395362,-0.4692376,-0.6881477,,,,,,
1,5.055557,-0.1319641,1.235136,2.7270789,0.1098661,0.5429195,-0.4761713,-0.682956,,,,,,
1,5.066669,-0.12928,1.22116,2.7292372,0.09848298,0.5484868,-0.4827378,-0.6755942,,,,,,
1,5.07778,-0.1259845,1.207825,2.731174,0.08494366,0.5563259,-0.4878688,-0.6672857,,,,,,
1,5.088891,-0.1224771,1.195209,2.7326834,0.06895663,0.5658597,-0.491088,-0.6586961,,,,,,
1,5.100002,-0.1192673,1.182162,2.7341535,0.05269545,0.5739256,-0.4945848,-0.6505525,,,,,,
1,5.111114,-0.1152739,1.170152,2.7360207,0.03780326,0.5812052,-0.4988247,-0.6418297,,,,,,
1,5.122225,-0.1104808,1.160027,2.7380707,0.02971816,0.5859416,-0.5077448,-0.6308602,,,,,,
1,5.133336,-0.1043118,1.152464,2.7410231,0.03638773,0.5852084,-0.5250632,-0.6168597,,,,,,
1,5.144447,-0.09884803,1.144173,2.74359,0.03955432,0.586365,-0.5378135,-0.604457,,,,,,
1,5.155559,-0.09276316,1.135505,2.7461353,0.03982707,0.5883077,-0.546878,-0.5943336,,,,,,
1,5.16667,-0.08540599,1.127886,2.7488461,0.0401011,0.5887198,-0.5512921,-0.5898119,,,,,,
1,5.177781,-0.07726987,1.120761,2.75110135,0.03588153,0.5901556,-0.5507314,-0.5891723,,,,,,
1,5.188892,-0.06942804,1.114167,2.75253453,0.02505972,0.5939525,-0.5471997,-0.5892072,,,,,,
1,5.200004,-0.06198521,1.107539,2.75389372,0.01412248,0.5978093,-0.5459676,-0.5868084,,,,,,
1,5.211115,-0.05342141,1.102197,2.75440959,-0.000208674,0.6018764,-0.5437917,-0.584838,,,,,,
1,5.222226,-0.04546465,1.096984,2.75520751,-0.01201282,0.6045912,-0.5456162,-0.5801967,,,,,,
1,5.233337,-0.03651683,1.094044,2.7550217,-0.02729987,0.6047439,-0.5515039,-0.5739191,,,,,,
1,5.244449,-0.02822398,1.089944,2.75551351,-0.03897382,0.6049892,-0.5569786,-0.5676654,,,,,,
1,5.25556,-0.01925515,1.086845,2.75498786,-0.04938255,0.6037754,-0.5643941,-0.5607816,,,,,,
1,5.266671,-0.00996758,1.084993,2.7537089,-0.05467195,0.6015242,-0.5727938,-0.5541543,,,,,,
1,5.277782,-0.001154989,1.081418,2.75325363,-0.06238439,0.6011285,-0.5785093,-0.5477955,,,,,,
1,5.288894,0.008018389,1.08069,2.7505257,-0.0667138,0.6003917,-0.5867312,-0.5392824,,,,,,
1,5.300005,0.008018389,1.08069,2.7505257,-0.0667138,0.6003917,-0.5867312,-0.5392824,,,,,,
1,5.311116,0.02557291,1.078935,2.7450803,-0.0784824,0.5992388,-0.6022839,-0.5215436,,,,,,
1,5.322227,0.03420101,1.079147,2.7415288,-0.0842258,0.5985292,-0.6099699,-0.5124508,,,,,,
1,5.333339,0.04305861,1.079093,2.7381655,-0.08964831,0.5968474,-0.6174675,-0.5044507,,,,,,
1,5.34445,0.05157616,1.080685,2.7339742,-0.09509303,0.5937652,-0.6250512,-0.497706,,,,,,
1,5.355561,0.06027253,1.082567,2.7294252,-0.1012466,0.5892258,-0.6317827,-0.4933687,,,,,,
1,5.366673,0.06892981,1.085021,2.7248507,-0.1053091,0.5832081,-0.6387517,-0.490688,,,,,,
1,5.377784,0.07751805,1.087852,2.7200868,-0.1072586,0.5761715,-0.6458013,-0.4893492,,,,,,
1,5.388895,0.08612262,1.090601,2.7153357,-0.109141,0.5693002,-0.6525446,-0.4880278,,,,,,
1,5.400006,0.09424763,1.094502,2.7097201,-0.1091094,0.5615361,-0.6591002,-0.4882205,,,,,,
1,5.411118,0.102137,1.099147,2.7039845,-0.1103434,0.5526196,-0.6652099,-0.4898284,,,,,,
1,5.422229,0.1096159,1.104431,2.6983506,-0.1133784,0.541913,-0.671556,-0.4924311,,,,,,
1,5.43334,0.1171507,1.109387,2.6926477,-0.1168876,0.5318097,-0.6772339,-0.4948434,,,,,,
1,5.444451,0.1239773,1.115522,2.6863897,-0.1204035,0.5209143,-0.6820465,-0.4989628,,,,,,
1,5.455563,0.1306747,1.122267,2.6801472,-0.1223458,0.5101307,-0.6865992,-0.5033685,,,,,,
1,5.466674,0.1372912,1.128698,2.6739882,-0.1231402,0.5005847,-0.6911447,-0.506528,,,,,,
1,5.477785,0.1432579,1.136433,2.667691,-0.1186166,0.4908038,-0.6960602,-0.5104333,,,,,,
1,5.488896,0.1484441,1.14504,2.6620458,-0.109824,0.4797086,-0.7027239,-0.5138071,,,,,,
1,5.500008,0.1539844,1.153668,2.6567401,-0.1024599,0.466543,-0.7090286,-0.518766,,,,,,
1,5.511119,0.1591435,1.162548,2.6515966,-0.0990413,0.4524864,-0.7136772,-0.5254635,,,,,,
1,5.52223,0.1643053,1.171288,2.6461664,-0.0980861,0.4398941,-0.7165984,-0.532315,,,,,,
1,5.533341,0.1689533,1.181116,2.6410363,-0.1000113,0.4269718,-0.7164825,-0.5425365,,,,,,
1,5.544453,0.1731851,1.191135,2.6359594,-0.1010221,0.4146382,-0.7158635,-0.5526385,,,,,,
1,5.555564,0.1775592,1.201376,2.631502,-0.09752599,0.4024658,-0.7159044,-0.5621308,,,,,,
1,5.566675,0.1819335,1.211941,2.6274317,-0.08979247,0.3903207,-0.7170444,-0.5704687,,,,,,
1,5.577786,0.1861963,1.22202,2.6232112,-0.08311024,0.3779689,-0.7176196,-0.5790116,,,,,,
1,5.588898,0.1901482,1.232847,2.6200499,-0.07366437,0.3649543,-0.7166086,-0.5897917,,,,,,
1,5.600009,0.1943161,1.243269,2.6167378,-0.06719651,0.3514192,-0.7159131,-0.599548,,,,,,
1,5.61112,0.1981037,1.254095,2.6142539,-0.06036208,0.3368647,-0.713851,-0.6109791,,,,,,
1,5.622231,0.2018626,1.265045,2.6116758,-0.05496843,0.3233082,-0.7102986,-0.6228372,,,,,,
1,5.633343,0.2058064,1.275679,2.6091137,-0.04936565,0.3097321,-0.7062163,-0.6347343,,,,,,
1,5.644454,0.2097911,1.286344,2.6074238,-0.04154101,0.2955136,-0.7011305,-0.6475818,,,,,,
1,5.655565,0.2140529,1.296635,2.6063509,-0.03149632,0.2800811,-0.6954576,-0.6609852,,,,,,
1,5.666677,0.2183005,1.3063,2.6057877,-0.02112289,0.2633052,-0.6882049,-0.6757205,,,,,,
1,5.677788,0.2222408,1.315992,2.6050792,-0.01168966,0.2466524,-0.6806232,-0.6897667,,,,,,
1,5.688899,0.2271567,1.324276,2.6055346,-0.000886311,0.2298045,-0.6679143,-0.7078698,,,,,,
1,5.70001,0.2317448,1.333057,2.605263,0.009160124,0.2144141,-0.6565711,-0.7230886,,,,,,
1,5.711122,0.2372832,1.340816,2.6052581,0.02076726,0.2007066,-0.6419764,-0.7396972,,,,,,
1,5.722233,0.2425927,1.347985,2.6059918,0.03440298,0.1857014,-0.6268853,-0.7558745,,,,,,
1,5.733344,0.2479736,1.354555,2.6066707,0.04715792,0.1684745,-0.6116264,-0.7715605,,,,,,
1,5.744455,0.2530904,1.359649,2.6088414,0.05868485,0.1469746,-0.5933344,-0.7892459,,,,,,
1,5.755567,0.2580816,1.363503,2.6109582,0.06794148,0.1236836,-0.5716754,-0.8082535,,,,,,
1,5.766678,0.2629119,1.36623,2.6132861,0.07667018,0.1004356,-0.5475393,-0.8271852,,,,,,
1,5.777789,0.2677411,1.368008,2.6154845,0.08547613,0.07860141,-0.5215748,-0.8452666,,,,,,
1,5.7889,0.2727954,1.369137,2.6178545,0.0950278,0.05850694,-0.4944316,-0.8620233,,,,,,
1,5.800012,0.2776394,1.370303,2.6202658,0.1051446,0.03927819,-0.4674381,-0.8768715,,,,,,
1,5.811123,0.2824578,1.370342,2.6221347,0.1151234,0.02121846,-0.4389728,-0.890842,,,,,,
1,5.822234,0.2874881,1.367605,2.6249375,0.1244224,0.004938873,-0.4086287,-0.9041667,,,,,,
1,5.833345,0.2913476,1.364651,2.6270375,0.1332665,-0.01531268,-0.3802083,-0.9151214,,,,,,
1,5.844457,0.2949114,1.362234,2.6290898,0.1423106,-0.03731277,-0.3523462,-0.9242336,,,,,,
1,5.855568,0.2978289,1.358794,2.6308234,0.1503876,-0.05956961,-0.3239004,-0.9321607,,,,,,
1,5.866679,0.3000703,1.353459,2.6324591,0.1569306,-0.08125074,-0.2939942,-0.9393288,,,,,,
1,5.87779,0.3023886,1.34823,2.6341927,0.1613202,-0.100684,-0.2623299,-0.9460558,,,,,,
1,5.888902,0.3042084,1.342424,2.6357041,0.1633546,-0.1172864,-0.2290624,-0.9524125,,,,,,
1,5.900013,0.3047254,1.335907,2.6370922,0.1633905,-0.1350191,-0.1937842,-0.9578733,,,,,,
1,5.911124,0.3038616,1.329481,2.637925,0.1599484,-0.1570675,-0.1585975,-0.9615577,,,,,,
1,5.922235,0.3027453,1.323447,2.6390677,0.1566203,-0.1784453,-0.123058,-0.9635788,,,,,,
1,5.933347,0.3006468,1.316675,2.6388276,0.1498068,-0.1964829,-0.08367876,-0.9653757,,,,,,
1,5.944458,0.2983635,1.309959,2.6387444,0.1417686,-0.2096526,-0.04266769,-0.9665024,,,,,,
1,5.955569,0.2952557,1.303604,2.637746,0.132412,-0.216259,-0.000872171,-0.967315,,,,,,
1,5.966681,0.2931702,1.297551,2.6368648,0.1243197,-0.2225482,0.03873944,-0.9661865,,,,,,
1,5.977792,0.2895017,1.292032,2.6352369,0.1131583,-0.2237511,0.0758244,-0.965081,,,,,,
1,5.988903,0.2847469,1.287465,2.6327897,0.09766021,-0.2273388,0.1002867,-0.9637024,,,,,,
1,6.000014,0.2812064,1.282834,2.6311167,0.0850418,-0.2329986,0.1259661,-0.960527,,,,,,
1,6.011126,0.2756237,1.279516,2.628405,0.06999777,-0.2344641,0.1420012,-0.9591468,,,,,,
1,6.022237,0.2713907,1.275729,2.6261921,0.05789009,-0.2350333,0.1601973,-0.9569457,,,,,,
1,6.033348,0.2654941,1.272762,2.6227583,0.04890765,-0.2276094,0.1722564,-0.9571468,,,,,,
1,6.044459,0.260388,1.269627,2.6192316,0.04381969,-0.2155973,0.1881706,-0.9571779,,,,,,
1,6.055571,0.254003,1.267931,2.6157105,0.03737338,-0.2031188,0.2018843,-0.9573864,,,,,,
1,6.066682,0.2475618,1.266495,2.612231,0.02943665,-0.1919481,0.2131615,-0.9575238,,,,,,
1,6.077793,0.2408137,1.265896,2.6090824,0.02014283,-0.1836832,0.2227396,-0.9572052,,,,,,
1,6.088904,0.2334444,1.266372,2.6055707,0.01160913,-0.1760603,0.2230505,-0.9587057,,,,,,
1,6.100016,0.2256512,1.267747,2.6022289,0.006411359,-0.1666073,0.2219799,-0.9606903,,,,,,
1,6.111127,0.2182889,1.268955,2.5985869,0.00494429,-0.1541377,0.2261606,-0.9618048,,,,,,
1,6.122238,0.2106761,1.269661,2.5948428,0.003535443,-0.1413014,0.2345557,-0.9617718,,,,,,
1,6.133349,0.2024497,1.271865,2.5912096,0.00579579,-0.1255391,0.2455304,-0.9612082,,,,,,
1,6.144461,0.1943589,1.274625,2.5871318,0.00671665,-0.1104756,0.2564943,-0.9601879,,,,,,
1,6.155572,0.1862322,1.278477,2.5837008,0.005570949,-0.09756645,0.2634776,-0.9597027,,,,,,
1,6.166683,0.1781151,1.282151,2.5805422,0.003079002,-0.08663333,0.2676725,-0.9596024,,,,,,
1,6.177794,0.1693187,1.288411,2.5780023,8.95E-05,-0.08012769,0.2634223,-0.9613472,,,,,,
1,6.188906,0.1606911,1.292758,2.5747824,-0.000848882,-0.07129121,0.2642213,-0.9618233,,,,,,
1,6.200017,0.1519598,1.298328,2.5717319,0.00215876,-0.06063713,0.2653808,-0.9622326,,,,,,
1,6.211128,0.1433339,1.303598,2.568967,0.006349547,-0.04866017,0.2675258,-0.9623003,,,,,,
1,6.222239,0.134688,1.308681,2.5661596,0.009825732,-0.03654941,0.2700799,-0.9620938,,,,,,
1,6.233351,0.1260662,1.314294,2.5637223,0.01416307,-0.02271416,0.2719488,-0.9619394,,,,,,
1,6.244462,0.1177749,1.320677,2.5613331,0.01684582,-0.008449252,0.2724358,-0.9619895,,,,,,
1,6.255573,0.1094336,1.326292,2.5591214,0.01917542,0.005155681,0.2704526,-0.9625286,,,,,,
1,6.266685,0.1013216,1.332484,2.557251,0.02128495,0.01897111,0.2647662,-0.963891,,,,,,
1,6.277796,0.09322588,1.338659,2.5558594,0.02260737,0.03142552,0.2569255,-0.9656556,,,,,,
1,6.288907,0.08470789,1.345004,2.5542696,0.02474974,0.04259369,0.2498262,-0.9670368,,,,,,
1,6.300018,0.07622784,1.350851,2.5532139,0.03013626,0.05322115,0.2442195,-0.9677893,,,,,,
1,6.31113,0.0676264,1.356341,2.5521053,0.03563434,0.06448644,0.2403264,-0.9678921,,,,,,
1,6.322241,0.05912571,1.36171,2.5515865,0.04194273,0.07565036,0.2376478,-0.9674923,,,,,,
1,6.333352,0.05096232,1.366774,2.5516765,0.04715775,0.0854516,0.232908,-0.9675888,,,,,,
1,6.344463,0.04256273,1.372313,2.5510655,0.05119625,0.09633573,0.2279662,-0.9675381,,,,,,
1,6.355575,0.03456612,1.37745,2.5507511,0.05506056,0.1074622,0.2226113,-0.9674008,,,,,,
1,6.366686,0.02681093,1.382678,2.5510175,0.05823866,0.1182149,0.2154739,-0.9675766,,,,,,
1,6.377797,0.01932985,1.387622,2.55136,0.06087961,0.1293875,0.2084505,-0.9675232,,,,,,
1,6.388908,0.0118383,1.392324,2.552089,0.06380439,0.1410883,0.2032684,-0.9668015,,,,,,
1,6.40002,0.004245805,1.39689,2.55254,0.0673792,0.1526086,0.1991018,-0.9656756,,,,,,
1,6.411131,-0.003388202,1.401162,2.5533337,0.0705814,0.1636955,0.19655,-0.9641526,,,,,,
1,6.422242,-0.01103879,1.405622,2.554188,0.07360473,0.1746166,0.1942529,-0.9624745,,,,,,
1,6.433353,-0.01842344,1.409473,2.5554374,0.07625699,0.1848288,0.1936417,-0.9604823,,,,,,
1,6.444465,-0.02566614,1.413361,2.5568314,0.07841346,0.1947881,0.1918354,-0.9587013,,,,,,
1,6.455576,-0.03253163,1.417098,2.5581466,0.08042762,0.2042553,0.1879827,-0.9573264,,,,,,
1,6.466687,-0.03938254,1.420898,2.5593935,0.08266731,0.2131484,0.1819218,-0.9563673,,,,,,
1,6.477798,-0.04613092,1.42468,2.5607736,0.0850752,0.222338,0.176573,-0.9550655,,,,,,
1,6.48891,-0.0527135,1.427965,2.5621859,0.08788736,0.2309562,0.1713442,-0.9537171,,,,,,
1,6.500021,-0.05911498,1.431006,2.5639445,0.0911159,0.2397627,0.166949,-0.9520188,,,,,,
1,6.511132,-0.06568875,1.434438,2.5655358,0.0940157,0.2489493,0.1624289,-0.950159,,,,,,
1,6.522243,-0.0719199,1.437168,2.5673476,0.09640697,0.2588181,0.1590046,-0.9478589,,,,,,
1,6.533355,-0.07800327,1.439704,2.5693515,0.09829319,0.268176,0.1560682,-0.945549,,,,,,
1,6.544466,-0.08420255,1.442125,2.5714053,0.1002164,0.2762842,0.152693,-0.9435617,,,,,,
1,6.555577,-0.09036881,1.444588,2.5735198,0.1022832,0.2844273,0.1491607,-0.9414831,,,,,,
1,6.566689,-0.09595656,1.446399,2.5760729,0.1037244,0.2914516,0.1450679,-0.9398151,,,,,,
1,6.5778,-0.101611,1.448571,2.5784836,0.1054537,0.2990267,0.1399934,-0.9380109,,,,,,
1,6.588911,-0.10707,1.450384,2.580952,0.1073872,0.3067877,0.1333642,-0.9362496,,,,,,
1,6.600022,-0.1122539,1.451983,2.5833516,0.109834,0.3160211,0.1267273,-0.9338134,,,,,,
1,6.611134,-0.1175852,1.453592,2.5855822,0.1123328,0.3255911,0.1205046,-0.9310481,,,,,,
1,6.622245,-0.1225432,1.454796,2.5880619,0.1151055,0.3356809,0.1136182,-0.9279871,,,,,,
1,6.633356,-0.127474,1.455727,2.5904937,0.1180047,0.3460827,0.1066999,-0.9246172,,,,,,
1,6.644467,-0.1321894,1.456484,2.5927945,0.1203631,0.3568522,0.09877185,-0.9210936,,,,,,
1,6.655579,-0.1369646,1.457517,2.5950498,0.1222312,0.3673812,0.09005616,-0.917595,,,,,,
1,6.66669,-0.1409168,1.458595,2.5968175,0.1231058,0.3789146,0.07702234,-0.9139674,,,,,,
1,6.677801,-0.1452898,1.460006,2.5986827,0.1242922,0.3894647,0.06465088,-0.9103236,,,,,,
1,6.688912,-0.1488346,1.461446,2.5999811,0.1253235,0.4015167,0.04898751,-0.9059132,,,,,,
1,6.700024,-0.1520628,1.463127,2.6008715,0.1261374,0.4151095,0.03226454,-0.9004069,,,,,,
1,6.711135,-0.1554153,1.464983,2.6016886,0.1268887,0.4284539,0.0162598,-0.894462,,,,,,
1,6.722246,-0.1577027,1.467539,2.6017788,0.12694,0.4424684,-0.00419318,-0.8877446,,,,,,
1,6.733357,-0.1597801,1.470866,2.6021386,0.1270777,0.4519992,-0.02954291,-0.8824258,,,,,,
1,6.744469,-0.1613532,1.474142,2.6025452,0.1289131,0.4578233,-0.05641868,-0.8778362,,,,,,
1,6.75558,-0.1631154,1.477725,2.6027873,0.1311997,0.4645559,-0.0809397,-0.8720226,,,,,,
1,6.766691,-0.1633916,1.482178,2.6021354,0.1349943,0.4713801,-0.1047246,-0.8652225,,,,,,
1,6.777802,-0.1648804,1.485959,2.6018469,0.1383043,0.4787883,-0.1251191,-0.8578921,,,,,,
1,6.788914,-0.1648948,1.490621,2.6009747,0.144749,0.4837882,-0.1447973,-0.8508999,,,,,,
1,6.800025,-0.1652315,1.495324,2.599782,0.1533263,0.487085,-0.1636892,-0.8440647,,,,,,
1,6.811136,-0.1647115,1.500362,2.5989727,0.1634429,0.4884972,-0.1818087,-0.8376173,,,,,,
1,6.822248,-0.165347,1.505458,2.598462,0.1718053,0.4917149,-0.200142,-0.829845,,,,,,
1,6.833359,-0.1643388,1.511283,2.5974179,0.1826355,0.4924086,-0.2186339,-0.8224216,,,,,,
1,6.84447,-0.1634552,1.517317,2.5973046,0.1949903,0.4900673,-0.2409012,-0.8147267,,,,,,
1,6.855581,-0.1623906,1.523516,2.5970122,0.2064535,0.4870274,-0.2640538,-0.8065091,,,,,,
1,6.866693,-0.1604218,1.531579,2.5971727,0.2191699,0.4812587,-0.2930594,-0.7965369,,,,,,
1,6.877804,-0.1591397,1.538996,2.5969621,0.2288486,0.4794452,-0.317712,-0.7853787,,,,,,
1,6.888915,-0.1569116,1.54717,2.5964763,0.2381929,0.477387,-0.3429391,-0.7731487,,,,,,
1,6.900026,-0.1548602,1.555681,2.596184,0.2473007,0.4758742,-0.3657522,-0.7606651,,,,,,
1,6.911138,-0.1522327,1.563946,2.5956972,0.2573914,0.473796,-0.3859991,-0.748513,,,,,,
1,6.922249,-0.1500534,1.571752,2.5957226,0.267519,0.4704263,-0.4054706,-0.7366996,,,,,,
1,6.93336,-0.1468462,1.580058,2.5954248,0.2771465,0.467244,-0.4216739,-0.7259918,,,,,,
1,6.944471,-0.1434552,1.58882,2.5956457,0.2840054,0.4642644,-0.4362127,-0.7166018,,,,,,
1,6.955583,-0.1400141,1.597275,2.5956842,0.2904734,0.4603609,-0.4516879,-0.7068742,,,,,,
1,6.966694,-0.1356845,1.60674,2.5960686,0.2938679,0.4551299,-0.465373,-0.6999475,,,,,,
1,6.977805,-0.1317534,1.615656,2.596363,0.2990122,0.4494843,-0.4800304,-0.6914669,,,,,,
1,6.988916,-0.1270287,1.62508,2.596925,0.3046002,0.4404312,-0.4930023,-0.6857024,,,,,,
1,7.000028,-0.1221758,1.633743,2.5979793,0.3117963,0.4298876,-0.5057636,-0.6798404,,,,,,
1,7.011139,-0.1162435,1.642349,2.5985386,0.3201028,0.4149357,-0.5113821,-0.681066,,,,,,
1,7.02225,-0.1112116,1.650919,2.5991865,0.3268466,0.4045081,-0.5177565,-0.6793178,,,,,,
1,7.033361,-0.1053179,1.659292,2.5992267,0.3328342,0.3944122,-0.5182838,-0.6819402,,,,,,
1,7.044473,-0.09920031,1.668034,2.5993734,0.3381144,0.3851352,-0.5165944,-0.6859154,,,,,,
1,7.055584,-0.09246989,1.67638,2.5991525,0.3435378,0.3752145,-0.5137305,-0.6908523,,,,,,
1,7.066695,-0.08579381,1.684697,2.5994914,0.3489661,0.3650291,-0.5126946,-0.6943492,,,,,,
1,7.077806,-0.07847697,1.692721,2.5995061,0.3535469,0.3547794,-0.506983,-0.7015015,,,,,,
1,7.088918,-0.07101402,1.700078,2.599187,0.3584459,0.3442832,-0.4985355,-0.7102451,,,,,,
1,7.100029,-0.06314334,1.706957,2.5990185,0.3644922,0.3326534,-0.4893221,-0.7190627,,,,,,
1,7.11114,-0.05536754,1.71331,2.5987653,0.3710638,0.321105,-0.4790496,-0.7278151,,,,,,
1,7.122252,-0.04798438,1.720497,2.5987392,0.3771585,0.3098378,-0.4718376,-0.7342489,,,,,,
1,7.133363,-0.03977045,1.725794,2.5983709,0.3848577,0.2979665,-0.4596846,-0.7428261,,,,,,
1,7.144474,-0.0314039,1.730403,2.5980507,0.3930164,0.2857615,-0.4459675,-0.7516592,,,,,,
1,7.155585,-0.02344829,1.73522,2.5976081,0.3995367,0.274864,-0.4337202,-0.7594124,,,,,,
1,7.166697,-0.01507521,1.739102,2.5968987,0.4053601,0.265826,-0.4189446,-0.7677925,,,,,,
1,7.177808,-0.00674516,1.742429,2.5960402,0.4120039,0.2569782,-0.4028122,-0.7758591,,,,,,
1,7.188919,0.001140311,1.745423,2.5950926,0.4184999,0.247513,-0.3868873,-0.7835264,,,,,,
1,7.20003,0.009193897,1.746737,2.5936472,0.4253325,0.2385097,-0.3681174,-0.7916408,,,,,,
1,7.211142,0.01726215,1.747942,2.5920676,0.4310139,0.2305062,-0.3490207,-0.799549,,,,,,
1,7.222253,0.02494614,1.748581,2.5905424,0.4360105,0.2228661,-0.3296056,-0.8072085,,,,,,
1,7.233364,0.03258732,1.748259,2.5887944,0.4411272,0.2146723,-0.3106816,-0.8141251,,,,,,
1,7.244475,0.04015058,1.747616,2.5875048,0.4457281,0.2066826,-0.2919035,-0.8206103,,,,,,
1,7.255587,0.04725905,1.747287,2.5857023,0.4498198,0.1996561,-0.2733663,-0.8264808,,,,,,
1,7.266698,0.05428383,1.745641,2.583787,0.4536374,0.1933637,-0.2539216,-0.8320742,,,,,,
1,7.277809,0.06092948,1.743458,2.5817923,0.4575173,0.1857409,-0.235,-0.8372295,,,,,,
1,7.28892,0.0675009,1.740645,2.5793709,0.4603818,0.1783862,-0.2159735,-0.8423672,,,,,,
1,7.300032,0.07394885,1.738124,2.577203,0.4630021,0.1708546,-0.1969071,-0.8471515,,,,,,
1,7.311143,0.08005573,1.734065,2.5747089,0.4651069,0.1630053,-0.1780185,-0.8517126,,,,,,
1,7.322254,0.08576733,1.729323,2.5722989,0.4673811,0.1545259,-0.1583259,-0.8559263,,,,,,
1,7.333365,0.09064869,1.724011,2.569433,0.4689228,0.1467848,-0.1367176,-0.8601593,,,,,,
1,7.344477,0.09568335,1.719068,2.5665818,0.4696659,0.1399044,-0.1143634,-0.8641539,,,,,,
1,7.355588,0.09955008,1.712692,2.5633531,0.4684729,0.1345752,-0.08953565,-0.8685656,,,,,,
1,7.366699,0.102697,1.705725,2.559352,0.4652222,0.1322009,-0.06383942,-0.8729351,,,,,,
1,7.37781,0.1067127,1.699613,2.5559634,0.4629008,0.1279921,-0.04081124,-0.8761709,,,,,,
1,7.388922,0.1094912,1.692535,2.5522165,0.4592532,0.1243475,-0.01862416,-0.8793619,,,,,,
1,7.400033,0.1127962,1.685879,2.5487435,0.456059,0.1195669,0.002217302,-0.8818781,,,,,,
1,7.411144,0.1149797,1.677835,2.5449003,0.4509848,0.1157379,0.01841343,-0.8848041,,,,,,
1,7.422256,0.117894,1.670992,2.5415284,0.4472531,0.1110771,0.0375155,-0.8866901,,,,,,
1,7.433367,0.1195976,1.661861,2.5377497,0.4419059,0.1060295,0.05137314,-0.8892907,,,,,,
1,7.444478,0.1215277,1.654034,2.5341313,0.4366353,0.1009175,0.06808995,-0.8913636,,,,,,
1,7.455589,0.1221489,1.645952,2.5303601,0.430036,0.09414408,0.08226344,-0.8941134,,,,,,
1,7.466701,0.1228705,1.637704,2.5267792,0.4229088,0.08660614,0.09472233,-0.897037,,,,,,
1,7.477812,0.1231258,1.62957,2.5233997,0.4147432,0.08025722,0.1058181,-0.9001941,,,,,,
1,7.488923,0.1234949,1.621048,2.5202316,0.4052928,0.0744998,0.1154406,-0.9038036,,,,,,
1,7.500034,0.124028,1.612839,2.5168135,0.3964111,0.07006315,0.1259418,-0.9066908,,,,,,
1,7.511146,0.1238551,1.603926,2.5134704,0.3869722,0.06834225,0.1347573,-0.9096276,,,,,,
1,7.522257,0.1237472,1.594665,2.5101444,0.3779817,0.06680743,0.1447184,-0.9119887,,,,,,
1,7.533368,0.122749,1.58537,2.5068713,0.3688753,0.06186333,0.1540784,-0.9145293,,,,,,
1,7.544479,0.1218146,1.576455,2.5037249,0.3599836,0.05572298,0.1631013,-0.9168996,,,,,,
1,7.555591,0.1205152,1.567121,2.5005824,0.3510867,0.04950533,0.1708757,-0.9192871,,,,,,
1,7.566702,0.1185484,1.557443,2.497815,0.3423481,0.04335449,0.1787929,-0.9213856,,,,,,
1,7.577813,0.1170761,1.547754,2.4947505,0.3335369,0.03730351,0.1874777,-0.9231542,,,,,,
1,7.588924,0.1143172,1.537824,2.4919929,0.3251452,0.03029655,0.1965864,-0.9245089,,,,,,
1,7.600036,0.1114584,1.527892,2.4890172,0.3165929,0.0239205,0.2069657,-0.9253983,,,,,,
1,7.611147,0.1083136,1.518204,2.4859193,0.3074213,0.02043051,0.2179024,-0.9260634,,,,,,
1,7.622258,0.1054959,1.508497,2.4826384,0.2976004,0.01840306,0.2280782,-0.9268634,,,,,,
1,7.633369,0.1024887,1.498862,2.4797952,0.286423,0.01643976,0.2364292,-0.928328,,,,,,
1,7.644481,0.09951966,1.489217,2.4771956,0.2750105,0.01327865,0.2439393,-0.9298853,,,,,,
1,7.655592,0.09440494,1.478621,2.4731545,0.2614269,0.009421203,0.2498096,-0.9322889,,,,,,
1,7.666703,0.09045373,1.469037,2.4712415,0.2477195,0.005095609,0.2565023,-0.9342461,,,,,,
1,7.677814,0.08568279,1.459745,2.469963,0.2333438,-0.003080022,0.261739,-0.9365009,,,,,,
1,7.688926,0.08120924,1.450665,2.4682401,0.2199619,-0.01146929,0.2664076,-0.9383561,,,,,,
1,7.700037,0.07550429,1.441966,2.4666899,0.2074508,-0.01955118,0.2702613,-0.9399685,,,,,,
1,7.711148,0.06980072,1.433248,2.4648481,0.1961978,-0.02370886,0.2750956,-0.9408862,,,,,,
1,7.72226,0.06414855,1.424597,2.4630518,0.1853551,-0.02570299,0.2809595,-0.9412994,,,,,,
1,7.733371,0.05816852,1.41606,2.4611736,0.1752513,-0.02156079,0.2894535,-0.940765,,,,,,
1,7.744482,0.05174469,1.408032,2.4600186,0.1638698,-0.01659708,0.2981054,-0.9402152,,,,,,
1,7.755593,0.04476159,1.400805,2.4586868,0.1496719,-0.01535107,0.3057103,-0.9401617,,,,,,
1,7.766705,0.03731195,1.394537,2.4582435,0.1336332,-0.01764157,0.3112029,-0.9407358,,,,,,
1,7.777816,0.02929812,1.388867,2.4580161,0.1179227,-0.02062407,0.3169712,-0.9408497,,,,,,
1,7.788927,0.0209401,1.383553,2.4579839,0.1027057,-0.02372929,0.3234489,-0.940356,,,,,,
1,7.800038,0.01282661,1.377947,2.4574069,0.08834541,-0.02471245,0.331795,-0.9388804,,,,,,
1,7.81115,0.003521673,1.373353,2.4574908,0.07613355,-0.02120079,0.3459433,-0.9349211,,,,,,
1,7.822261,-0.006014265,1.368823,2.4570686,0.06562219,-0.01485471,0.3631997,-0.9292789,,,,,,
1,7.833372,-0.01545342,1.36454,2.4571917,0.05430199,-0.009781325,0.3782299,-0.9240659,,,,,,
1,7.844483,-0.02538462,1.361315,2.4574745,0.04285955,-0.004088392,0.3926389,-0.9186844,,,,,,
1,7.855595,-0.03491186,1.359352,2.4583879,0.02961591,-0.001311853,0.399414,-0.9162913,,,,,,
1,7.866706,-0.0450092,1.358841,2.4601785,0.0170235,-0.000612779,0.3939121,-0.9189903,,,,,,
1,7.877817,-0.05462644,1.357088,2.46118,0.006641047,0.002298397,0.3932669,-0.9193976,,,,,,
1,7.888928,-0.0645995,1.356007,2.4626947,4.44E-05,0.007805285,0.3894604,-0.9210102,,,,,,
1,7.90004,-0.07457767,1.354557,2.4635187,-0.006005218,0.01432161,0.389147,-0.9210448,,,,,,
1,7.911151,-0.08514653,1.35395,2.465308,-0.007019025,0.02446588,0.3885443,-0.9210786,,,,,,
1,7.922262,-0.09564608,1.353821,2.4670278,-0.007532119,0.03643466,0.3898126,-0.9201424,,,,,,
1,7.933373,-0.1061367,1.353777,2.4690343,-0.008580792,0.0495756,0.3904355,-0.9192545,,,,,,
1,7.944485,-0.1163521,1.353938,2.4711687,-0.01127314,0.06187477,0.3903811,-0.9185026,,,,,,
1,7.955596,-0.1266492,1.354297,2.4735239,-0.01395645,0.07615213,0.3880792,-0.9183685,,,,,,
1,7.966707,-0.1367322,1.355196,2.4766397,-0.01700057,0.08948473,0.3819164,-0.9196975,,,,,,
1,7.977818,-0.147146,1.356103,2.479477,-0.01961721,0.1005563,0.3765612,-0.9207091,,,,,,
1,7.98893,-0.1578324,1.357128,2.4834146,-0.01997896,0.1111453,0.3695311,-0.922331,,,,,,
1,8.000041,-0.1687625,1.358113,2.4872849,-0.01856492,0.1207294,0.3643394,-0.9232208,,,,,,
1,8.011152,-0.1797158,1.358979,2.4916152,-0.01649325,0.1307382,0.3592978,-0.9238726,,,,,,
1,8.022264,-0.1906342,1.359974,2.4964063,-0.01434358,0.1422291,0.3540058,-0.9242538,,,,,,
1,8.033375,-0.201237,1.360655,2.5009548,-0.01303445,0.1543704,0.34877,-0.9243156,,,,,,
1,8.044486,-0.2116061,1.361967,2.5064058,-0.01211629,0.1689115,0.3431252,-0.9238979,,,,,,
1,8.055597,-0.2216119,1.363502,2.5117524,-0.01166161,0.1851586,0.3381673,-0.9226176,,,,,,
1,8.066709,-0.2313001,1.36455,2.5169549,-0.01167903,0.2023512,0.3326216,-0.9210215,,,,,,
1,8.07782,-0.2408708,1.365911,2.5223151,-0.01175513,0.2193923,0.3262751,-0.9193876,,,,,,
1,8.088931,-0.2502724,1.366703,2.528081,-0.01105025,0.2352501,0.3190884,-0.9179967,,,,,,
1,8.100042,-0.2599926,1.367622,2.5340385,-0.01008726,0.2491695,0.3117576,-0.9168534,,,,,,
1,8.111154,-0.2697548,1.36831,2.5410002,-0.00813104,0.2606792,0.3042915,-0.9161807,,,,,,
1,8.122265,-0.2796009,1.368805,2.5477459,-0.005891213,0.2712408,0.2976213,-0.9153226,,,,,,
1,8.133376,-0.289405,1.369325,2.5556574,-0.003151674,0.2799418,0.2912718,-0.9147587,,,,,,
1,8.144487,-0.2987794,1.369585,2.5628855,-0.00137317,0.2933404,0.2869161,-0.9119368,,,,,,
1,8.155599,-0.3075669,1.369618,2.5699273,9.73E-05,0.3104286,0.2828134,-0.907552,,,,,,
1,8.16671,-0.3159821,1.369566,2.5769107,0.001444062,0.3290029,0.2775918,-0.9026062,,,,,,
1,8.177821,-0.3244187,1.369498,2.5838828,0.003016561,0.3460477,0.2720386,-0.897907,,,,,,
1,8.188932,-0.3326869,1.369306,2.5914287,0.00529192,0.3623257,0.2641226,-0.8938296,,,,,,
1,8.200044,-0.3402406,1.369007,2.5992101,0.007898076,0.3757953,0.2539926,-0.8911809,,,,,,
1,8.211155,-0.3481831,1.368878,2.6075168,0.01078848,0.3868377,0.2433785,-0.8893858,,,,,,
1,8.222266,-0.3553744,1.368474,2.6161666,0.01306682,0.3978335,0.2345404,-0.8868758,,,,,,
1,8.233377,-0.362812,1.368031,2.6244824,0.01501179,0.4093713,0.2269337,-0.8835672,,,,,,
